word,length,frequency_rank,zipf_frequency
and,3,3,7.41
but,3,25,6.63
about,5,43,6.4
there,5,57,6.31
some,4,69,6.2
first,5,81,6.11
then,4,91,6.07
very,4,106,6.0
year,4,117,5.96
still,5,127,5.92
last,4,141,5.86
same,4,155,5.8
always,6,167,5.76
things,6,179,5.74
each,4,191,5.69
team,4,203,5.67
away,4,214,5.62
doing,5,225,5.6
however,7,237,5.58
start,5,248,5.56
everything,10,261,5.54
hard,4,273,5.53
water,5,284,5.52
far,3,295,5.5
less,4,305,5.49
thank,5,317,5.48
makes,5,330,5.46
president,9,340,5.45
within,6,351,5.44
ago,3,365,5.42
level,5,377,5.41
hours,5,388,5.4
lost,4,400,5.39
anyone,6,411,5.38
needs,5,422,5.37
idea,4,434,5.36
months,6,446,5.35
north,5,458,5.34
police,6,471,5.33
report,6,481,5.32
minutes,7,492,5.31
major,5,504,5.3
near,4,514,5.29
education,9,526,5.28
college,7,538,5.27
chance,6,548,5.26
gets,4,560,5.25
held,4,572,5.24
department,10,583,5.23
results,7,595,5.23
killed,6,607,5.22
eyes,4,619,5.21
common,6,631,5.2
share,5,642,5.2
industry,8,656,5.19
test,4,667,5.19
needed,6,679,5.18
finally,7,690,5.17
added,5,701,5.16
medical,7,714,5.16
tried,5,724,5.16
ground,6,735,5.15
follow,6,747,5.14
tax,3,758,5.14
feeling,7,769,5.13
changes,7,783,5.12
review,6,794,5.12
football,8,806,5.11
style,5,818,5.11
involved,8,829,5.1
add,3,840,5.09
kill,4,852,5.09
choice,6,862,5.08
financial,9,874,5.08
sign,4,885,5.08
built,5,895,5.07
knows,5,906,5.07
version,7,917,5.07
internet,8,928,5.06
access,6,940,5.05
professional,12,953,5.05
build,5,963,5.04
percent,7,974,5.04
allowed,7,985,5.03
pain,4,996,5.03
tonight,7,1007,5.03
eye,3,1018,5.02
store,5,1030,5.02
association,11,1041,5.01
gas,3,1051,5.01
text,4,1062,5.01
cross,5,1073,5.0
kept,4,1086,5.0
section,7,1097,5.0
link,4,1108,4.99
earlier,7,1118,4.98
significant,11,1129,4.98
income,6,1140,4.97
sold,4,1150,4.97
collection,10,1161,4.96
knowledge,9,1172,4.96
dad,3,1182,4.95
judge,5,1193,4.95
product,7,1204,4.95
battle,6,1214,4.94
insurance,9,1226,4.94
stupid,6,1237,4.94
direction,9,1248,4.93
worst,5,1259,4.93
fan,3,1270,4.92
organization,12,1280,4.92
address,7,1291,4.91
direct,6,1302,4.91
names,5,1314,4.91
yesterday,9,1325,4.91
established,11,1336,4.9
machine,7,1346,4.9
associated,10,1357,4.89
holding,7,1368,4.89
texas,5,1378,4.89
christian,9,1391,4.88
peter,5,1402,4.88
theory,6,1412,4.88
economy,7,1423,4.87
politics,8,1434,4.87
activity,8,1444,4.86
google,6,1455,4.86
queen,5,1466,4.86
attempt,7,1476,4.85
losing,6,1487,4.85
ride,4,1498,4.85
tree,4,1508,4.85
bottom,6,1521,4.84
partner,7,1532,4.84
stopped,7,1542,4.84
bus,3,1554,4.83
mental,6,1565,4.83
scale,5,1575,4.83
wedding,7,1586,4.83
fashion,7,1598,4.82
mid,3,1608,4.82
village,7,1621,4.82
enter,5,1632,4.81
projects,8,1643,4.81
adult,5,1654,4.8
mike,4,1665,4.8
somebody,8,1675,4.8
cast,4,1686,4.79
leaves,6,1698,4.79
usa,3,1708,4.79
fifth,5,1719,4.78
mary,4,1730,4.78
tells,5,1740,4.78
concept,7,1751,4.77
journal,7,1762,4.77
rare,4,1772,4.77
bitch,5,1784,4.76
liked,5,1795,4.76
volume,6,1806,4.76
corner,6,1817,4.75
frank,5,1828,4.75
suggest,7,1840,4.75
appreciate,10,1852,4.74
helps,5,1863,4.74
ordered,7,1873,4.74
wine,4,1884,4.74
description,11,1894,4.73
lee,3,1905,4.73
reduce,6,1916,4.73
victory,7,1926,4.73
entirely,8,1937,4.72
johnson,7,1949,4.72
plenty,6,1959,4.72
toward,6,1970,4.72
alternative,11,1981,4.71
communities,11,1991,4.71
mix,3,2003,4.71
signs,5,2014,4.71
warm,4,2025,4.71
elements,8,2037,4.7
ocean,5,2049,4.7
attorney,8,2060,4.69
expensive,9,2071,4.69
noted,5,2083,4.69
update,6,2094,4.69
download,8,2106,4.68
joke,4,2117,4.68
shopping,8,2129,4.68
affairs,7,2141,4.67
era,3,2153,4.67
legs,4,2163,4.67
route,5,2176,4.67
walked,6,2187,4.67
elections,9,2198,4.66
ireland,7,2210,4.66
max,3,2222,4.66
storm,5,2232,4.66
chain,5,2244,4.65
identity,8,2255,4.65
properties,10,2266,4.65
aircraft,8,2278,4.64
distribution,12,2290,4.64
friendly,8,2300,4.64
residents,9,2311,4.64
troops,6,2322,4.64
causes,6,2333,4.63
falls,5,2344,4.63
ministry,8,2356,4.63
shirt,5,2366,4.63
zero,4,2377,4.63
estimated,9,2388,4.62
opposite,8,2399,4.62
theme,5,2411,4.62
alcohol,7,2424,4.61
customer,8,2434,4.61
guilty,6,2445,4.61
perfectly,9,2458,4.61
ticket,6,2468,4.61
don,3,2480,4.6
newspaper,9,2492,4.6
shares,6,2502,4.6
aside,5,2513,4.59
danger,6,2526,4.59
faces,5,2536,4.59
nick,4,2547,4.59
sees,4,2558,4.59
attitude,8,2568,4.58
guest,5,2579,4.58
rent,4,2592,4.58
trained,7,2602,4.58
bottle,6,2613,4.57
fruit,5,2625,4.57
parent,6,2636,4.57
tend,4,2648,4.57
combat,6,2660,4.56
describe,8,2671,4.56
importance,10,2683,4.56
pregnant,8,2695,4.56
turkey,6,2706,4.56
chose,5,2719,4.55
electronic,10,2730,4.55
maintenance,11,2741,4.55
practices,9,2752,4.55
somewhat,8,2763,4.55
baseball,8,2773,4.54
democrats,9,2785,4.54
linked,6,2797,4.54
reporting,9,2807,4.54
bike,4,2819,4.53
drawn,5,2829,4.53
loud,4,2841,4.53
raw,3,2853,4.53
somehow,7,2863,4.53
balls,5,2876,4.52
destroy,7,2887,4.52
immediate,9,2899,4.52
regularly,9,2911,4.52
theatre,7,2923,4.52
clubs,5,2933,4.51
exact,5,2944,4.51
musical,7,2955,4.51
semi,4,2965,4.51
yards,5,2976,4.51
document,8,2987,4.5
functions,9,2998,4.5
monthly,7,3010,4.5
republicans,11,3021,4.5
tower,5,3031,4.5
bush,4,3043,4.49
effectively,11,3054,4.49
historic,8,3064,4.49
obtained,8,3075,4.49
smell,5,3086,4.49
vast,4,3096,4.49
heading,7,3107,4.48
offices,7,3118,4.48
regardless,10,3128,4.48
stable,6,3139,4.48
bullshit,8,3150,4.47
elizabeth,9,3161,4.47
immigration,11,3172,4.47
miami,5,3183,4.47
reputation,10,3193,4.47
argue,5,3206,4.46
choices,7,3217,4.46
egg,3,3227,4.46
hitting,7,3238,4.46
processes,9,3252,4.46
soldier,7,3262,4.46
actress,7,3273,4.45
compare,7,3285,4.45
encourage,9,3295,4.45
horses,6,3306,4.45
mystery,7,3317,4.45
protest,7,3327,4.45
suffer,6,3338,4.45
awareness,9,3350,4.44
explanation,11,3360,4.44
injuries,8,3371,4.44
picking,7,3383,4.44
savings,7,3393,4.44
andy,4,3405,4.43
commitment,10,3416,4.43
electricity,11,3426,4.43
liverpool,9,3437,4.43
rear,4,3449,4.43
winners,7,3459,4.43
belt,4,3471,4.42
dressed,7,3482,4.42
flower,6,3493,4.42
judges,6,3504,4.42
ordinary,8,3517,4.42
soil,4,3527,4.42
walker,6,3538,4.42
controls,8,3549,4.41
engineers,9,3559,4.41
memorial,8,3570,4.41
remote,6,3581,4.41
ups,3,3591,4.41
buddy,5,3603,4.4
dean,4,3615,4.4
forth,5,3625,4.4
marry,5,3637,4.4
pray,4,3648,4.4
string,6,3658,4.4
assumed,7,3669,4.39
consumers,9,3680,4.39
fallen,6,3690,4.39
lifetime,8,3701,4.39
pan,3,3712,4.39
sciences,8,3723,4.39
allen,5,3735,4.38
commonly,8,3745,4.38
forum,5,3756,4.38
maintained,10,3768,4.38
rapid,5,3780,4.38
thirty,6,3791,4.38
commerce,8,3803,4.37
honey,5,3814,4.37
log,3,3826,4.37
regret,6,3838,4.37
sin,3,3848,4.37
argued,6,3859,4.36
diego,5,3872,4.36
gene,4,3883,4.36
melbourne,9,3894,4.36
roughly,7,3905,4.36
tube,4,3915,4.36
cant,4,3928,4.35
dozen,5,3939,4.35
holes,5,3949,4.35
lyrics,6,3960,4.35
ranked,6,3972,4.35
sequence,8,3982,4.35
voices,6,3993,4.35
bruce,5,4004,4.34
ease,4,4015,4.34
involves,8,4026,4.34
producers,9,4038,4.34
shops,5,4049,4.34
aug,3,4060,4.33
conservation,12,4071,4.33
fleet,5,4084,4.33
intention,9,4095,4.33
preparing,9,4107,4.33
rings,5,4117,4.33
temperatures,12,4128,4.33
bang,4,4139,4.32
cure,4,4149,4.32
guards,6,4160,4.32
manual,6,4172,4.32
punch,5,4182,4.32
technologies,12,4194,4.32
ali,3,4205,4.31
boards,6,4215,4.31
districts,9,4228,4.31
grave,5,4239,4.31
literary,8,4250,4.31
relation,8,4262,4.31
stones,6,4273,4.31
affair,6,4284,4.3
devil,5,4296,4.3
hardware,8,4307,4.3
partly,6,4318,4.3
sauce,5,4330,4.3
touched,7,4341,4.3
beef,4,4351,4.29
dated,5,4362,4.29
estimate,8,4373,4.29
generations,11,4383,4.29
mall,4,4394,4.29
responses,9,4407,4.29
timing,6,4418,4.29
breathing,9,4429,4.28
dual,4,4443,4.28
greece,6,4453,4.28
lmao,4,4464,4.28
pin,3,4475,4.28
satisfied,9,4485,4.28
tap,3,4496,4.28
challenging,11,4508,4.27
dawn,4,4520,4.27
huh,3,4532,4.27
oklahoma,8,4543,4.27
sized,5,4554,4.27
vessel,6,4565,4.27
backed,6,4577,4.26
coaches,7,4587,4.26
examination,11,4599,4.26
menu,4,4613,4.26
peoples,7,4623,4.26
spectrum,8,4634,4.26
accompanied,11,4647,4.25
brick,5,4658,4.25
enormous,8,4669,4.25
indians,7,4679,4.25
mercy,5,4691,4.25
quotes,6,4702,4.25
shelter,7,4712,4.25
trigger,7,4723,4.25
artificial,10,4737,4.24
copyright,9,4747,4.24
fastest,7,4759,4.24
landed,6,4770,4.24
neighbors,9,4780,4.24
relate,6,4792,4.24
susan,5,4803,4.24
wider,5,4813,4.24
barcelona,9,4825,4.23
civilian,8,4837,4.23
discussing,10,4848,4.23
healing,7,4860,4.23
maker,5,4871,4.23
quarters,8,4881,4.23
serial,6,4892,4.23
syndrome,8,4903,4.23
amateur,7,4913,4.22
canal,5,4924,4.22
delete,6,4935,4.22
fever,5,4945,4.22
leaf,4,4958,4.22
pension,7,4969,4.22
safely,6,4979,4.22
touching,8,4990,4.22
abilities,9,5002,4.21
chips,5,5012,4.21
criteria,8,5023,4.21
farming,7,5036,4.21
gravity,7,5046,4.21
legally,7,5058,4.21
operational,11,5069,4.21
rolled,6,5079,4.21
swiss,5,5090,4.21
blowing,7,5102,4.2
communicate,11,5112,4.2
dose,4,5124,4.2
influenced,10,5137,4.2
paintings,9,5148,4.2
punk,4,5159,4.2
trucks,6,5171,4.2
yoga,4,5181,4.2
bottles,7,5193,4.19
confusion,9,5204,4.19
emotion,7,5215,4.19
humor,5,5226,4.19
netflix,7,5238,4.19
preserve,8,5250,4.19
samuel,6,5261,4.19
sustained,9,5272,4.19
widespread,10,5283,4.19
basement,8,5294,4.18
clue,4,5306,4.18
craig,5,5316,4.18
garbage,7,5327,4.18
metropolitan,12,5339,4.18
proceedings,11,5350,4.18
sizes,5,5365,4.18
unnecessary,11,5376,4.18
antonio,7,5386,4.17
charging,8,5397,4.17
crush,5,5409,4.17
gentle,6,5419,4.17
kent,4,5430,4.17
notion,6,5441,4.17
shine,5,5452,4.17
unfair,6,5465,4.17
ash,3,5477,4.16
counsel,7,5487,4.16
halloween,9,5500,4.16
introducing,11,5511,4.16
marvel,6,5521,4.16
politician,10,5533,4.16
russians,8,5544,4.16
sporting,8,5554,4.16
worries,7,5566,4.16
believing,9,5576,4.15
convenient,10,5588,4.15
harbor,6,5599,4.15
medication,10,5610,4.15
rachel,6,5621,4.15
strain,6,5633,4.15
twins,5,5643,4.15
accent,6,5655,4.14
contacts,8,5667,4.14
eddie,5,5677,4.14
horn,4,5689,4.14
invitation,10,5700,4.14
meaningful,10,5710,4.14
pearl,5,5721,4.14
scream,6,5732,4.14
tattoo,6,5742,4.14
activists,9,5754,4.13
chancellor,10,5767,4.13
cuba,4,5779,4.13
financing,9,5790,4.13
iconic,6,5802,4.13
mere,4,5812,4.13
playoff,7,5824,4.13
sandwich,8,5835,4.13
theft,5,5845,4.13
banner,6,5857,4.12
cookies,7,5868,4.12
electoral,9,5878,4.12
jewelry,7,5889,4.12
predicted,9,5901,4.12
resume,6,5911,4.12
tends,5,5922,4.12
artwork,7,5934,4.11
chains,6,5944,4.11
diplomatic,10,5956,4.11
grandma,7,5967,4.11
investing,9,5977,4.11
noon,4,5988,4.11
preference,10,6000,4.11
silk,4,6011,4.11
archives,8,6022,4.1
centres,7,6033,4.1
derby,5,6043,4.1
genuinely,9,6054,4.1
laughter,8,6065,4.1
nutrition,9,6075,4.1
provider,8,6087,4.1
shark,5,6098,4.1
washed,6,6109,4.1
colin,5,6120,4.09
disappear,9,6131,4.09
flies,5,6142,4.09
jeans,5,6154,4.09
meter,5,6165,4.09
roster,6,6176,4.09
surrender,9,6188,4.09
acknowledged,12,6203,4.08
breed,5,6213,4.08
coke,4,6224,4.08
dynamics,8,6235,4.08
fold,4,6245,4.08
inevitable,10,6256,4.08
myth,4,6269,4.08
permanently,11,6279,4.08
realised,8,6290,4.08
subtle,6,6301,4.08
underneath,10,6311,4.08
altogether,10,6324,4.07
bio,3,6335,4.07
concentrate,11,6345,4.07
excellence,10,6356,4.07
inhabitants,11,6367,4.07
miserable,9,6378,4.07
notable,7,6389,4.07
publishers,10,6400,4.07
rises,5,6410,4.07
supporter,9,6421,4.07
ambulance,9,6435,4.06
cheat,5,6446,4.06
demon,5,6458,4.06
filmed,6,6471,4.06
indication,10,6482,4.06
nigerian,8,6493,4.06
priorities,10,6503,4.06
revenues,8,6514,4.06
streak,6,6525,4.06
yup,3,6537,4.06
bowling,7,6548,4.05
diesel,6,6559,4.05
embarrassed,11,6570,4.05
ignorant,8,6581,4.05
medieval,8,6592,4.05
passport,8,6604,4.05
savage,6,6616,4.05
static,6,6629,4.05
wallace,7,6639,4.05
argues,6,6651,4.04
clearing,8,6663,4.04
denmark,7,6673,4.04
experiencing,12,6684,4.04
immigrant,9,6695,4.04
lineup,6,6706,4.04
origins,7,6718,4.04
resigned,8,6731,4.04
sponsor,7,6742,4.04
workplace,9,6753,4.04
bristol,7,6764,4.03
container,9,6775,4.03
flames,6,6787,4.03
insist,6,6798,4.03
mob,3,6810,4.03
pill,4,6821,4.03
screens,7,6832,4.03
thereby,7,6844,4.03
verdict,7,6855,4.03
associations,12,6866,4.02
cannon,6,6878,4.02
diamonds,8,6889,4.02
equation,8,6901,4.02
gauge,5,6912,4.02
innings,7,6923,4.02
mega,4,6934,4.02
paths,5,6945,4.02
rider,5,6957,4.02
territories,11,6969,4.02
activated,9,6981,4.01
brandon,7,6992,4.01
den,3,7004,4.01
hampshire,9,7015,4.01
loser,5,7026,4.01
packages,8,7038,4.01
qualifying,10,7048,4.01
seo,3,7059,4.01
theoretical,11,7070,4.01
void,4,7082,4.01
arnold,6,7094,4.0
chin,4,7106,4.0
dash,4,7116,4.0
drone,5,7127,4.0
holdings,8,7139,4.0
kindly,6,7150,4.0
organs,6,7162,4.0
punished,8,7173,4.0
subscribers,11,7183,4.0
adelaide,8,7194,3.99
cluster,7,7206,3.99
digging,7,7217,3.99
fossil,6,7228,3.99
insult,6,7240,3.99
negotiate,9,7252,3.99
posters,7,7263,3.99
reid,4,7275,3.99
skinny,6,7285,3.99
targeting,9,7296,3.99
absent,6,7307,3.98
buttons,7,7317,3.98
crowded,7,7329,3.98
freshman,8,7340,3.98
intact,6,7351,3.98
mercedes,8,7362,3.98
pond,4,7374,3.98
regulated,9,7384,3.98
shifted,7,7395,3.98
travelled,9,7405,3.98
autism,6,7417,3.97
clash,5,7430,3.97
determining,11,7441,3.97
geographic,10,7452,3.97
inclusive,9,7463,3.97
manga,5,7473,3.97
randomly,8,7487,3.97
scout,5,7498,3.97
talents,7,7509,3.97
administered,12,7520,3.96
canvas,6,7532,3.96
coincidence,11,7542,3.96
dedication,10,7553,3.96
flu,3,7564,3.96
kidnapped,9,7575,3.96
nominee,7,7586,3.96
processed,9,7597,3.96
shoots,6,7608,3.96
tab,3,7620,3.96
underwear,9,7632,3.96
advocates,9,7642,3.95
blogs,5,7654,3.95
corrected,9,7666,3.95
doubts,6,7677,3.95
factories,9,7688,3.95
ing,3,7701,3.95
mainland,8,7712,3.95
plasma,6,7724,3.95
rivals,6,7735,3.95
spends,6,7746,3.95
troy,4,7757,3.95
anatomy,7,7768,3.94
colonies,8,7778,3.94
enables,7,7789,3.94
hobby,5,7800,3.94
locks,5,7810,3.94
newton,6,7822,3.94
profound,8,7835,3.94
sci,3,7845,3.94
swap,4,7856,3.94
und,3,7867,3.94
acre,4,7877,3.93
bloom,5,7888,3.93
costly,6,7899,3.93
directory,9,7909,3.93
ginger,6,7921,3.93
incoming,8,7932,3.93
miners,6,7943,3.93
perth,5,7957,3.93
revival,7,7968,3.93
sixty,5,7978,3.93
texture,7,7989,3.93
yankees,7,8000,3.93
beautifully,11,8010,3.92
crane,5,8021,3.92
essex,5,8032,3.92
hail,4,8042,3.92
joey,4,8053,3.92
marines,7,8064,3.92
productions,11,8075,3.92
runway,6,8086,3.92
theology,8,8098,3.92
yay,3,8108,3.92
batch,5,8122,3.91
continually,11,8134,3.91
feminine,8,8144,3.91
humanitarian,12,8156,3.91
lone,4,8168,3.91
observer,8,8178,3.91
recreational,12,8191,3.91
sheffield,9,8202,3.91
suburban,8,8212,3.91
turtle,6,8223,3.91
angles,6,8235,3.9
blunt,5,8245,3.9
cheated,7,8256,3.9
dancers,7,8269,3.9
elevation,9,8279,3.9
ghana,5,8292,3.9
individually,12,8303,3.9
literacy,8,8313,3.9
particle,8,8326,3.9
rejection,9,8339,3.9
slope,5,8350,3.9
sums,4,8361,3.9
trinity,7,8371,3.9
adverse,7,8382,3.89
broker,6,8394,3.89
counseling,10,8404,3.89
economies,9,8415,3.89
fry,3,8427,3.89
hopkins,7,8437,3.89
leaning,7,8449,3.89
mvp,3,8461,3.89
powell,6,8471,3.89
seated,6,8483,3.89
tomb,4,8495,3.89
yields,6,8505,3.89
blaming,7,8516,3.88
consume,7,8528,3.88
ferrari,7,8539,3.88
highways,8,8554,3.88
leaks,5,8567,3.88
metric,6,8577,3.88
poles,5,8591,3.88
selective,9,8604,3.88
tenants,7,8616,3.88
yale,4,8629,3.88
billboard,9,8641,3.87
consult,7,8651,3.87
europeans,9,8662,3.87
gregory,7,8673,3.87
learnt,6,8684,3.87
morrison,8,8695,3.87
pharmacy,8,8706,3.87
regulate,8,8716,3.87
shields,7,8727,3.87
uncommon,8,8738,3.87
abundance,9,8750,3.86
breeze,6,8761,3.86
coupon,6,8773,3.86
dough,5,8783,3.86
fulfill,7,8794,3.86
ivan,4,8806,3.86
logistics,9,8816,3.86
moms,4,8827,3.86
owed,4,8838,3.86
referee,7,8848,3.86
sovereignty,11,8860,3.86
thrust,6,8871,3.86
yourselves,10,8881,3.86
averaged,8,8893,3.85
carriage,8,8904,3.85
cowboy,6,8917,3.85
feminism,8,8928,3.85
halls,5,8940,3.85
kirk,4,8951,3.85
nina,4,8963,3.85
readings,8,8976,3.85
spiral,6,8986,3.85
tub,3,8998,3.85
analyze,7,9012,3.84
catholics,9,9023,3.84
disclose,8,9034,3.84
gel,3,9046,3.84
instructed,10,9056,3.84
milton,6,9067,3.84
pdf,3,9079,3.84
rifles,6,9089,3.84
sox,3,9101,3.84
tattoos,7,9112,3.84
vermont,7,9123,3.84
allocated,9,9134,3.83
cheering,8,9147,3.83
crushing,8,9157,3.83
discourse,9,9168,3.83
floyd,5,9180,3.83
indicators,10,9192,3.83
livestock,9,9205,3.83
newman,6,9216,3.83
persian,7,9227,3.83
reactor,7,9239,3.83
simpler,7,9250,3.83
superstar,9,9262,3.83
wholly,6,9275,3.83
bats,4,9286,3.82
chickens,8,9297,3.82
congregation,12,9308,3.82
deliberate,10,9318,3.82
enzyme,6,9329,3.82
guru,4,9340,3.82
joints,6,9352,3.82
messing,7,9363,3.82
overlooked,10,9376,3.82
rainfall,8,9386,3.82
slate,5,9397,3.82
timothy,7,9409,3.82
wellington,10,9420,3.82
albany,6,9432,3.81
boycott,7,9444,3.81
creators,8,9454,3.81
enjoyment,9,9466,3.81
hawk,4,9477,3.81
intro,5,9487,3.81
mic,3,9498,3.81
posed,5,9510,3.81
relies,6,9521,3.81
sands,5,9532,3.81
spoil,5,9543,3.81
venus,5,9553,3.81
atlas,5,9565,3.8
caesar,6,9576,3.8
conductor,9,9587,3.8
diy,3,9599,3.8
flush,5,9610,3.8
ironic,6,9621,3.8
microwave,9,9633,3.8
peel,4,9644,3.8
reproductive,12,9656,3.8
sandra,6,9667,3.8
tick,4,9678,3.8
vent,4,9688,3.8
asses,5,9699,3.79
brexit,6,9712,3.79
constable,9,9722,3.79
devils,6,9734,3.79
faction,7,9746,3.79
hearings,8,9758,3.79
inconsistent,12,9769,3.79
megan,5,9781,3.79
pitcher,7,9792,3.79
pumped,6,9803,3.79
rhode,5,9814,3.79
starving,8,9824,3.79
vatican,7,9835,3.79
apparatus,9,9848,3.78
chapman,7,9858,3.78
departed,8,9872,3.78
ecosystem,9,9885,3.78
floods,6,9896,3.78
invalid,7,9908,3.78
negotiated,10,9920,3.78
paired,6,9930,3.78
prom,4,9941,3.78
romania,7,9952,3.78
specify,7,9963,3.78
trout,5,9974,3.78
whiskey,7,9987,3.78
attribute,9,9997,3.77
chatting,8,10008,3.77
conquest,8,10022,3.77
depicted,8,10034,3.77
favored,7,10046,3.77
handing,7,10058,3.77
interval,8,10068,3.77
matthews,8,10080,3.77
napoleon,8,10091,3.77
pads,4,10102,3.77
recognizing,11,10114,3.77
scouts,6,10125,3.77
starbucks,9,10135,3.77
vegetation,10,10147,3.77
accountant,10,10158,3.76
billionaire,11,10168,3.76
celebrates,10,10179,3.76
designation,11,10192,3.76
dunno,5,10203,3.76
gardner,7,10215,3.76
hugo,4,10225,3.76
mentality,9,10236,3.76
patricia,8,10248,3.76
predictable,11,10258,3.76
resumed,7,10270,3.76
stainless,9,10281,3.76
tackles,7,10291,3.76
twitch,6,10303,3.76
volcano,7,10314,3.76
assaulted,9,10326,3.75
bowls,5,10337,3.75
counterparts,12,10350,3.75
enacted,7,10360,3.75
glowing,7,10371,3.75
infamous,8,10382,3.75
liner,5,10393,3.75
monitored,9,10404,3.75
opted,5,10416,3.75
prestige,8,10426,3.75
rom,3,10438,3.75
spiders,7,10450,3.75
terminated,10,10461,3.75
utilize,7,10473,3.75
americas,8,10484,3.74
bella,5,10498,3.74
challenger,10,10509,3.74
contributes,11,10521,3.74
ecology,7,10532,3.74
expenditure,11,10544,3.74
icons,5,10556,3.74
joker,5,10567,3.74
meta,4,10578,3.74
phenomena,9,10589,3.74
ranged,6,10599,3.74
singular,8,10610,3.74
tempo,5,10621,3.74
vain,4,10632,3.74
anticipate,10,10646,3.73
carey,5,10658,3.73
commodities,11,10668,3.73
dis,3,10679,3.73
eventual,8,10690,3.73
gases,5,10700,3.73
impacted,8,10712,3.73
metaphor,8,10726,3.73
oops,4,10737,3.73
preserving,10,10748,3.73
roasted,7,10759,3.73
shrink,6,10769,3.73
thames,6,10780,3.73
violating,9,10793,3.73
airways,7,10803,3.72
auburn,6,10814,3.72
classy,6,10826,3.72
deluxe,6,10837,3.72
flawed,6,10848,3.72
harley,6,10860,3.72
insanity,8,10870,3.72
lecturer,8,10881,3.72
murdering,9,10892,3.72
petrol,6,10905,3.72
radioactive,11,10916,3.72
rug,3,10928,3.72
steer,5,10938,3.72
tonnes,6,10949,3.72
unpopular,9,10961,3.72
abnormal,8,10973,3.71
assholes,8,10984,3.71
calf,4,10996,3.71
cosmetic,8,11008,3.71
diplomacy,9,11019,3.71
fest,4,11031,3.71
hooker,6,11041,3.71
installing,10,11052,3.71
lump,4,11065,3.71
ned,3,11076,3.71
posing,6,11088,3.71
resembles,9,11099,3.71
salute,6,11110,3.71
slowed,6,11121,3.71
teresa,6,11133,3.71
unexpectedly,12,11146,3.71
accumulated,11,11157,3.7
beasts,6,11168,3.7
cha,3,11179,3.7
counterpart,11,11191,3.7
dividends,9,11201,3.7
folding,7,11213,3.7
haired,6,11225,3.7
indictment,10,11236,3.7
manually,8,11247,3.7
overlap,7,11259,3.7
prank,5,11271,3.7
ronnie,6,11283,3.7
sophia,6,11295,3.7
sur,3,11305,3.7
utc,3,11316,3.7
zen,3,11330,3.7
bans,4,11342,3.69
carlo,5,11353,3.69
councillor,10,11364,3.69
entirety,8,11374,3.69
flyers,6,11385,3.69
injected,8,11399,3.69
liberties,9,11411,3.69
monarch,7,11422,3.69
objections,10,11434,3.69
proposing,9,11444,3.69
scotch,6,11456,3.69
solicitor,9,11467,3.69
takeover,8,11477,3.69
uni,3,11489,3.69
api,3,11501,3.68
breeds,6,11513,3.68
danced,6,11527,3.68
erin,4,11539,3.68
gerard,6,11549,3.68
jewel,5,11562,3.68
outreach,8,11574,3.68
procurement,11,11584,3.68
restart,7,11595,3.68
skeptical,9,11606,3.68
stunned,7,11616,3.68
turnout,7,11628,3.68
wii,3,11640,3.68
barracks,8,11651,3.67
capped,6,11662,3.67
copenhagen,10,11673,3.67
disappears,10,11683,3.67
fixture,7,11696,3.67
gladly,6,11707,3.67
hassan,6,11717,3.67
jakarta,7,11729,3.67
meredith,8,11741,3.67
nikki,5,11751,3.67
prefers,7,11762,3.67
realities,9,11773,3.67
rituals,7,11784,3.67
snail,5,11796,3.67
toby,4,11808,3.67
verge,5,11819,3.67
aspirations,11,11834,3.66
brewery,7,11845,3.66
conquered,9,11855,3.66
demise,6,11866,3.66
disregard,9,11877,3.66
evacuated,9,11887,3.66
hoffman,7,11898,3.66
kuwait,6,11909,3.66
mute,4,11919,3.66
peasants,8,11931,3.66
ppl,3,11942,3.66
remark,6,11952,3.66
shooters,8,11964,3.66
spectators,10,11975,3.66
tara,4,11985,3.66
wed,3,11997,3.66
brennan,7,12013,3.65
cooks,5,12023,3.65
derivative,10,12034,3.65
fetch,5,12046,3.65
graffiti,8,12057,3.65
honours,7,12069,3.65
indefinitely,12,12079,3.65
legislators,11,12092,3.65
methodist,9,12103,3.65
nightclub,9,12113,3.65
preseason,9,12125,3.65
saul,4,12137,3.65
standpoint,10,12147,3.65
trinidad,8,12158,3.65
woodland,8,12171,3.65
assemble,8,12182,3.64
breakup,7,12193,3.64
classmates,10,12205,3.64
coupons,7,12215,3.64
dread,5,12227,3.64
favourites,10,12238,3.64
generators,10,12248,3.64
intimacy,8,12259,3.64
leone,5,12270,3.64
mythology,9,12282,3.64
pest,4,12295,3.64
query,5,12307,3.64
romney,6,12317,3.64
sonny,5,12328,3.64
swell,5,12339,3.64
wards,5,12350,3.64
angus,5,12362,3.63
bastards,8,12375,3.63
cds,3,12385,3.63
crooked,7,12397,3.63
dividing,8,12408,3.63
evenings,8,12418,3.63
gill,4,12429,3.63
hydro,5,12440,3.63
laurel,6,12454,3.63
nigga,5,12466,3.63
portray,7,12477,3.63
replaces,8,12487,3.63
shareholder,11,12499,3.63
styled,6,12510,3.63
tyson,5,12520,3.63
womb,4,12533,3.63
assert,6,12544,3.62
bombed,6,12555,3.62
conceptual,10,12567,3.62
discouraged,11,12579,3.62
empirical,9,12590,3.62
frankfurt,9,12602,3.62
gorilla,7,12613,3.62
jedi,4,12623,3.62
mails,5,12635,3.62
nostalgia,9,12647,3.62
pointer,7,12657,3.62
regulator,9,12668,3.62
sexist,6,12681,3.62
sweets,6,12691,3.62
tumors,6,12703,3.62
wisely,6,12716,3.62
arthritis,9,12727,3.61
cavity,6,12740,3.61
decks,5,12752,3.61
enclosure,9,12764,3.61
feminists,9,12775,3.61
hansen,6,12786,3.61
interrupt,9,12796,3.61
moose,5,12809,3.61
onwards,7,12821,3.61
playlist,8,12831,3.61
regeneration,12,12844,3.61
rusty,5,12855,3.61
spectacle,9,12866,3.61
toughest,8,12877,3.61
wills,5,12889,3.61
advisers,8,12901,3.6
backstage,9,12912,3.6
bouncing,8,12923,3.6
careless,8,12933,3.6
cocktails,9,12944,3.6
degradation,11,12955,3.6
ensures,7,12966,3.6
fetus,5,12977,3.6
hereby,6,12989,3.6
isolate,7,13000,3.6
mao,3,13014,3.6
ness,4,13024,3.6
pertaining,10,13036,3.6
quarry,6,13047,3.6
segregation,11,13057,3.6
teamed,6,13069,3.6
yankee,6,13081,3.6
attacker,8,13093,3.59
booty,5,13105,3.59
claw,4,13116,3.59
crawling,8,13128,3.59
dynamite,8,13139,3.59
fixes,5,13150,3.59
gestures,8,13161,3.59
humility,8,13173,3.59
kickstarter,11,13184,3.59
mayer,5,13194,3.59
organism,8,13206,3.59
precautions,11,13218,3.59
resemblance,11,13228,3.59
snapchat,8,13241,3.59
surreal,7,13252,3.59
upheld,6,13263,3.59
worcester,9,13274,3.59
beau,4,13285,3.58
caucus,6,13295,3.58
columnist,9,13306,3.58
cyclist,7,13317,3.58
dorm,4,13327,3.58
facto,5,13340,3.58
geared,6,13353,3.58
improper,8,13366,3.58
lexington,9,13377,3.58
orphan,6,13392,3.58
potassium,9,13403,3.58
rotate,6,13414,3.58
similarity,10,13425,3.58
tang,4,13435,3.58
willingly,9,13446,3.58
alliances,9,13458,3.57
blitz,5,13468,3.57
cigar,5,13479,3.57
crescent,8,13491,3.57
distressed,10,13501,3.57
fasting,7,13514,3.57
handwriting,11,13526,3.57
incorrectly,11,13537,3.57
jockey,6,13548,3.57
mariners,8,13560,3.57
offend,6,13571,3.57
peggy,5,13583,3.57
riches,6,13594,3.57
seeded,6,13605,3.57
staples,7,13616,3.57
traveler,8,13627,3.57
vines,5,13637,3.57
abby,4,13649,3.56
aquarium,8,13660,3.56
blush,5,13671,3.56
circulating,11,13682,3.56
craving,7,13694,3.56
docks,5,13704,3.56
filtering,9,13717,3.56
glitter,7,13728,3.56
intimidating,12,13739,3.56
lucrative,9,13752,3.56
mri,3,13763,3.56
outskirts,9,13775,3.56
programmer,10,13787,3.56
reversal,8,13799,3.56
shelby,6,13810,3.56
tailored,8,13821,3.56
upstream,8,13833,3.56
witty,5,13843,3.56
arrogance,9,13856,3.55
blur,4,13867,3.55
bureaucracy,11,13877,3.55
continents,10,13890,3.55
diarrhea,8,13902,3.55
entitlement,11,13912,3.55
gil,3,13923,3.55
indy,4,13935,3.55
labeling,8,13946,3.55
meltdown,8,13957,3.55
odyssey,7,13969,3.55
pioneers,8,13981,3.55
puff,4,13992,3.55
repeats,7,14003,3.55
sentiments,10,14016,3.55
spirituality,12,14028,3.55
trailing,8,14038,3.55
welcomes,8,14050,3.55
angelo,6,14064,3.54
bjp,3,14074,3.54
charms,6,14085,3.54
cringe,6,14097,3.54
dolly,5,14108,3.54
ethic,5,14119,3.54
hanson,6,14130,3.54
icy,3,14141,3.54
kylie,5,14153,3.54
mcgregor,8,14164,3.54
nausea,6,14175,3.54
pleasures,9,14188,3.54
reactive,8,14199,3.54
scriptures,10,14209,3.54
slain,5,14221,3.54
stroll,6,14232,3.54
vase,4,14245,3.54
zeus,4,14256,3.54
amused,6,14267,3.53
beetle,6,14277,3.53
cameroon,8,14289,3.53
countess,8,14302,3.53
diplomats,9,14313,3.53
flowering,9,14325,3.53
heroine,7,14337,3.53
kerala,6,14348,3.53
mai,3,14361,3.53
nas,3,14372,3.53
personalized,12,14382,3.53
reap,4,14394,3.53
rwanda,6,14405,3.53
snatch,6,14416,3.53
suspense,8,14428,3.53
tertiary,8,14439,3.53
vomit,5,14450,3.53
alleviate,9,14461,3.52
bermuda,7,14474,3.52
buckingham,10,14484,3.52
complexes,9,14495,3.52
demolished,10,14507,3.52
doubtful,8,14517,3.52
exercised,9,14528,3.52
flirt,5,14539,3.52
gareth,6,14549,3.52
horace,6,14561,3.52
intensely,9,14572,3.52
mast,4,14584,3.52
nicest,6,14595,3.52
paige,5,14607,3.52
reactors,8,14618,3.52
sails,5,14629,3.52
starve,6,14640,3.52
tread,5,14652,3.52
vita,4,14664,3.52
yrs,3,14675,3.52
anterior,8,14691,3.51
benign,6,14702,3.51
cass,4,14714,3.51
competed,8,14725,3.51
deposition,10,14736,3.51
emailed,7,14749,3.51
filtered,8,14760,3.51
inflated,8,14772,3.51
licking,7,14784,3.51
modular,7,14795,3.51
perennial,9,14807,3.51
provoked,8,14819,3.51
roaring,7,14829,3.51
spectator,9,14841,3.51
thornton,8,14852,3.51
usher,5,14862,3.51
absorbing,9,14874,3.5
annexed,7,14884,3.5
bert,4,14895,3.5
broccoli,8,14907,3.5
chords,6,14917,3.5
crappy,6,14928,3.5
doorstep,8,14939,3.5
garments,8,14949,3.5
hitter,6,14960,3.5
invading,8,14972,3.5
lex,3,14983,3.5
mapped,6,14994,3.5
moth,4,15005,3.5
outing,6,15016,3.5
pivot,5,15027,3.5
radicals,8,15040,3.5
schneider,9,15051,3.5
smh,3,15062,3.5
tallest,7,15074,3.5
wink,4,15085,3.5
authored,8,15101,3.49
bottled,7,15113,3.49
cheque,6,15124,3.49
commits,7,15135,3.49
diverted,8,15149,3.49
escorted,8,15161,3.49
forgiving,9,15172,3.49
hailed,6,15184,3.49
insurers,8,15194,3.49
lapse,5,15206,3.49
mclaren,7,15217,3.49
nautical,8,15228,3.49
paddle,6,15239,3.49
quasi,5,15250,3.49
revoked,7,15260,3.49
showdown,8,15271,3.49
suarez,6,15282,3.49
therapies,9,15294,3.49
weston,6,15308,3.49
ajax,4,15323,3.48
anyhow,6,15333,3.48
becker,6,15345,3.48
byrne,5,15356,3.48
claus,5,15367,3.48
crib,4,15379,3.48
ecstasy,7,15391,3.48
expiration,10,15401,3.48
frontal,7,15412,3.48
herring,7,15423,3.48
instituted,10,15433,3.48
lama,4,15445,3.48
normandy,8,15456,3.48
pianist,7,15472,3.48
psych,5,15484,3.48
scalp,5,15499,3.48
snatched,8,15509,3.48
stressing,9,15520,3.48
thorn,5,15531,3.48
unnatural,9,15541,3.48
wrestle,7,15552,3.48
alto,4,15565,3.47
blinded,7,15576,3.47
complains,9,15587,3.47
dangerously,11,15598,3.47
extremes,8,15609,3.47
grading,7,15621,3.47
immersion,9,15632,3.47
landmarks,9,15646,3.47
melodies,8,15657,3.47
notation,8,15669,3.47
pollen,6,15680,3.47
respectfully,12,15691,3.47
slit,4,15702,3.47
summons,7,15712,3.47
trumps,6,15723,3.47
voucher,7,15734,3.47
anchored,8,15746,3.46
belarus,7,15757,3.46
cabinets,8,15768,3.46
clemson,7,15779,3.46
criterion,9,15790,3.46
diminish,8,15801,3.46
ethanol,7,15812,3.46
graphical,9,15824,3.46
imbalance,9,15835,3.46
kendrick,8,15849,3.46
manpower,8,15860,3.46
occupants,9,15871,3.46
pierced,7,15882,3.46
registering,11,15893,3.46
sesame,6,15903,3.46
soooo,5,15914,3.46
suffice,7,15925,3.46
underwood,9,15935,3.46
adele,5,15947,3.45
avon,4,15959,3.45
boyfriends,10,15970,3.45
cinderella,10,15984,3.45
daly,4,16000,3.45
donuts,6,16010,3.45
fallon,6,16021,3.45
glitch,6,16032,3.45
hideous,7,16042,3.45
islanders,9,16054,3.45
lola,4,16065,3.45
mens,4,16075,3.45
pasadena,8,16087,3.45
prosper,7,16098,3.45
regent,6,16109,3.45
scratches,9,16121,3.45
smokes,6,16132,3.45
stump,5,16143,3.45
uneasy,6,16154,3.45
wavelength,10,16165,3.45
aux,3,16176,3.44
busting,7,16187,3.44
clauses,7,16198,3.44
dani,4,16208,3.44
duly,4,16220,3.44
federally,9,16233,3.44
gran,4,16245,3.44
intimidated,11,16257,3.44
laurence,8,16269,3.44
mule,4,16279,3.44
orderly,7,16290,3.44
pines,5,16302,3.44
proclamation,12,16312,3.44
restrained,10,16327,3.44
saddam,6,16339,3.44
sniff,5,16349,3.44
strapped,8,16361,3.44
trolling,8,16373,3.44
wat,3,16384,3.44
abduction,9,16396,3.43
atlantis,8,16407,3.43
bmi,3,16419,3.43
centric,7,16430,3.43
correctional,12,16441,3.43
distracting,11,16454,3.43
everest,7,16465,3.43
garfield,8,16477,3.43
hobart,6,16488,3.43
importing,9,16499,3.43
lagoon,6,16511,3.43
lunatic,7,16521,3.43
moaning,7,16534,3.43
nutshell,8,16546,3.43
pharma,6,16557,3.43
protestors,10,16569,3.43
saloon,6,16581,3.43
sterile,7,16591,3.43
trey,4,16604,3.43
vivian,6,16615,3.43
zambia,6,16625,3.43
ballad,6,16640,3.42
boone,5,16652,3.42
catalan,7,16662,3.42
cpr,3,16674,3.42
denotes,7,16685,3.42
dlc,3,16695,3.42
farmhouse,9,16707,3.42
giovanni,8,16718,3.42
hutchinson,10,16729,3.42
keywords,8,16740,3.42
misguided,9,16752,3.42
override,8,16763,3.42
plurality,9,16774,3.42
reluctance,10,16784,3.42
spacing,7,16795,3.42
therein,7,16808,3.42
vega,4,16821,3.42
withdrawals,11,16832,3.42
austerity,9,16844,3.41
bouquet,7,16854,3.41
coarse,6,16865,3.41
coronary,8,16876,3.41
diagnose,8,16889,3.41
emulate,7,16900,3.41
fades,5,16911,3.41
fresno,6,16921,3.41
hesitant,8,16933,3.41
invitations,11,16945,3.41
levin,5,16957,3.41
melts,5,16968,3.41
natal,5,16980,3.41
percentages,11,16991,3.41
proactive,9,17002,3.41
regretted,9,17013,3.41
salts,5,17023,3.41
spheres,7,17034,3.41
torah,5,17045,3.41
vitality,8,17055,3.41
amateurs,8,17071,3.4
batsman,7,17083,3.4
bureaucratic,12,17093,3.4
commandments,12,17106,3.4
deviation,9,17119,3.4
empires,7,17129,3.4
fiance,6,17141,3.4
harp,4,17154,3.4
joyful,6,17165,3.4
localized,9,17177,3.4
motif,5,17188,3.4
oversized,9,17198,3.4
polly,5,17210,3.4
rehearsals,10,17223,3.4
sahara,6,17234,3.4
slovakia,8,17245,3.4
superheroes,11,17257,3.4
vocalist,8,17268,3.4
abrams,6,17283,3.39
babes,5,17295,3.39
bordering,9,17305,3.39
ceos,4,17316,3.39
conditioner,11,17327,3.39
dea,3,17338,3.39
dortmund,8,17350,3.39
espresso,8,17361,3.39
glands,6,17371,3.39
hinder,6,17382,3.39
italia,6,17394,3.39
malay,5,17407,3.39
modifying,9,17419,3.39
oooh,4,17432,3.39
pervasive,9,17442,3.39
raphael,7,17453,3.39
roommates,9,17466,3.39
scatter,7,17477,3.39
skeletal,8,17488,3.39
squirrels,9,17500,3.39
tumour,6,17510,3.39
wrecking,8,17523,3.39
antony,6,17537,3.38
bengals,7,17550,3.38
bras,4,17561,3.38
compressor,10,17573,3.38
deceive,7,17585,3.38
doncaster,9,17598,3.38
excludes,8,17609,3.38
gland,5,17620,3.38
hovering,8,17632,3.38
initiating,10,17644,3.38
keyboards,9,17654,3.38
manageable,10,17667,3.38
mondays,7,17679,3.38
paused,6,17689,3.38
recalling,9,17700,3.38
savages,7,17711,3.38
slime,5,17721,3.38
tanya,5,17732,3.38
upton,5,17742,3.38
adorned,7,17753,3.37
barrister,9,17765,3.37
brochure,8,17777,3.37
chats,5,17788,3.37
collier,7,17799,3.37
crowley,7,17810,3.37
dixie,5,17823,3.37
entails,7,17834,3.37
francois,8,17844,3.37
hybrids,7,17856,3.37
intruder,8,17868,3.37
judd,4,17878,3.37
loosen,6,17891,3.37
morphine,8,17903,3.37
ordnance,8,17915,3.37
predictive,10,17926,3.37
reunite,7,17937,3.37
sao,3,17949,3.37
soho,4,17961,3.37
swapped,7,17972,3.37
transient,9,17982,3.37
welch,5,17993,3.37
ammonia,7,18007,3.36
assaulting,10,18018,3.36
breached,8,18030,3.36
cms,3,18042,3.36
crippling,9,18052,3.36
ebooks,6,18065,3.36
felicity,8,18076,3.36
giggles,7,18086,3.36
helsinki,8,18097,3.36
infect,6,18109,3.36
legitimately,12,18120,3.36
middlesex,9,18134,3.36
opposes,7,18147,3.36
pertinent,9,18157,3.36
rahul,5,18168,3.36
ribbons,7,18179,3.36
souvenir,8,18190,3.36
tailed,6,18202,3.36
vineyards,9,18214,3.36
withholding,11,18225,3.36
appliance,9,18239,3.35
boilers,7,18252,3.35
calming,7,18262,3.35
conjecture,10,18276,3.35
davenport,9,18288,3.35
embraces,8,18299,3.35
fiercely,8,18310,3.35
golfer,6,18323,3.35
heresy,6,18334,3.35
impoverished,12,18345,3.35
learner,7,18356,3.35
mclaughlin,10,18366,3.35
novak,5,18377,3.35
parkway,7,18389,3.35
protestants,11,18400,3.35
reinstated,10,18413,3.35
saliva,6,18424,3.35
smoother,8,18434,3.35
tammy,5,18445,3.35
warped,6,18458,3.35
acidic,6,18473,3.34
armoured,8,18485,3.34
bis,3,18497,3.34
boxed,5,18507,3.34
classmate,9,18519,3.34
cures,5,18530,3.34
dickson,7,18541,3.34
embryo,6,18554,3.34
friedrich,9,18565,3.34
hendrix,7,18575,3.34
inflict,7,18589,3.34
jojo,4,18601,3.34
lofty,5,18611,3.34
melvin,6,18623,3.34
myrtle,6,18636,3.34
peeled,6,18649,3.34
pricey,6,18660,3.34
radiator,8,18670,3.34
roasting,8,18681,3.34
showcasing,10,18692,3.34
stratford,9,18704,3.34
toad,4,18717,3.34
vigilant,8,18730,3.34
additive,8,18746,3.33
ante,4,18757,3.33
blooming,8,18768,3.33
canine,6,18778,3.33
climates,8,18790,3.33
deficient,9,18801,3.33
eerie,5,18811,3.33
fatally,7,18822,3.33
gabrielle,9,18833,3.33
gucci,5,18843,3.33
huffington,10,18855,3.33
jericho,7,18866,3.33
lulu,4,18876,3.33
measles,7,18887,3.33
monterey,8,18899,3.33
optimize,8,18909,3.33
portraying,10,18921,3.33
quotas,6,18932,3.33
rotated,7,18944,3.33
signings,8,18955,3.33
tata,4,18967,3.33
ultraviolet,11,18978,3.33
vibrating,9,18990,3.33
alleges,7,19008,3.32
baroque,7,19020,3.32
brig,4,19032,3.32
characterize,12,19043,3.32
dab,3,19056,3.32
eaters,6,19070,3.32
eyewitness,10,19082,3.32
fractions,9,19092,3.32
healer,6,19103,3.32
intra,5,19114,3.32
ludwig,6,19127,3.32
mirrored,8,19139,3.32
nye,3,19151,3.32
penelope,8,19161,3.32
pretends,8,19172,3.32
receptive,9,19183,3.32
rodents,7,19193,3.32
sidelines,9,19205,3.32
steaming,8,19216,3.32
takeaway,8,19227,3.32
undermining,11,19238,3.32
watford,7,19250,3.32
analytic,8,19262,3.31
blackwell,9,19273,3.31
cbi,3,19284,3.31
computed,8,19295,3.31
dehydration,11,19307,3.31
donut,5,19318,3.31
entrenched,10,19328,3.31
formatting,10,19340,3.31
glaring,7,19351,3.31
hopped,6,19361,3.31
jamming,7,19375,3.31
mammal,6,19386,3.31
myspace,7,19397,3.31
pacers,6,19409,3.31
powdered,8,19420,3.31
raja,4,19431,3.31
rufus,5,19443,3.31
shattering,10,19456,3.31
smackdown,9,19466,3.31
strides,7,19477,3.31
tractors,8,19490,3.31
viper,5,19500,3.31
abstraction,11,19515,3.3
awakened,8,19527,3.3
boar,4,19537,3.3
cadets,6,19548,3.3
commune,7,19560,3.3
debra,5,19572,3.3
entrants,8,19585,3.3
fifteenth,9,19597,3.3
gilded,6,19607,3.3
illuminate,10,19618,3.3
knoxville,9,19631,3.3
masturbating,12,19642,3.3
paramedics,10,19654,3.3
piggy,5,19664,3.3
ravi,4,19676,3.3
rounder,7,19687,3.3
sighting,8,19697,3.3
superstars,10,19710,3.3
totaling,8,19721,3.3
veg,3,19731,3.3
writ,4,19743,3.3
akbar,5,19755,3.29
believable,10,19765,3.29
caracas,7,19777,3.29
clinch,6,19789,3.29
costello,8,19800,3.29
discrepancy,11,19815,3.29
eastwood,8,19826,3.29
feral,5,19837,3.29
grange,6,19848,3.29
housekeeper,11,19859,3.29
jaguars,7,19871,3.29
laced,5,19882,3.29
manson,6,19893,3.29
meow,4,19903,3.29
navigating,10,19915,3.29
oversees,8,19927,3.29
pleases,7,19939,3.29
purification,12,19950,3.29
roundup,7,19964,3.29
sorta,5,19975,3.29
thankyou,8,19987,3.29
tubing,6,19999,3.29
verde,5,20009,3.29
zeppelin,8,20022,3.29
archival,8,20035,3.28
bihar,5,20045,3.28
chatham,7,20058,3.28
compromises,11,20069,3.28
cutters,7,20081,3.28
diablo,6,20093,3.28
epitome,7,20107,3.28
flooring,8,20117,3.28
grotesque,9,20129,3.28
insta,5,20141,3.28
legalized,9,20153,3.28
medley,6,20164,3.28
packard,7,20177,3.28
postgraduate,12,20188,3.28
reckoning,9,20201,3.28
rodrigo,7,20214,3.28
sightings,9,20224,3.28
standout,8,20235,3.28
tenders,7,20246,3.28
uptake,6,20258,3.28
withhold,8,20269,3.28
agendas,7,20281,3.27
banjo,5,20292,3.27
breweries,9,20304,3.27
competency,10,20317,3.27
customize,9,20327,3.27
ditched,7,20338,3.27
expansions,10,20349,3.27
flatter,7,20359,3.27
guineas,7,20372,3.27
huts,4,20385,3.27
invoice,7,20396,3.27
leans,5,20409,3.27
lucid,5,20421,3.27
mobilization,12,20433,3.27
normalized,10,20445,3.27
picket,6,20458,3.27
qualifiers,10,20469,3.27
rookies,7,20481,3.27
seventies,9,20492,3.27
snuck,5,20502,3.27
thursdays,9,20514,3.27
trojans,7,20525,3.27
uplift,6,20535,3.27
activating,10,20548,3.26
attaching,9,20560,3.26
bison,5,20570,3.26
carole,6,20581,3.26
collided,8,20591,3.26
dehydrated,10,20605,3.26
dolan,5,20618,3.26
eternally,9,20628,3.26
foreground,10,20640,3.26
groin,5,20652,3.26
helix,5,20662,3.26
internships,11,20673,3.26
kool,4,20684,3.26
liquidation,11,20694,3.26
meditate,8,20705,3.26
nonfiction,10,20718,3.26
overcame,8,20728,3.26
preoccupied,11,20740,3.26
reforming,9,20752,3.26
riviera,7,20762,3.26
sirius,6,20774,3.26
spurred,7,20785,3.26
tal,3,20795,3.26
veiled,6,20810,3.26
abusers,7,20824,3.25
appalachian,11,20836,3.25
awkwardly,9,20848,3.25
bony,4,20859,3.25
cassandra,9,20871,3.25
colby,5,20883,3.25
csi,3,20894,3.25
eased,5,20908,3.25
ezekiel,7,20920,3.25
gardeners,9,20931,3.25
grooves,7,20941,3.25
hens,4,20953,3.25
inflatable,10,20965,3.25
keating,7,20978,3.25
mach,4,20990,3.25
memberships,11,21002,3.25
nvidia,6,21014,3.25
platter,7,21026,3.25
rai,3,21039,3.25
revisited,9,21049,3.25
shan,4,21061,3.25
sod,3,21072,3.25
studded,7,21082,3.25
teal,4,21093,3.25
tsp,3,21104,3.25
wigs,4,21115,3.25
amherst,7,21130,3.24
bas,3,21141,3.24
byrd,4,21151,3.24
commandant,10,21164,3.24
cuffs,5,21176,3.24
disrupting,10,21187,3.24
emo,3,21199,3.24
fluorescence,12,21213,3.24
gibbons,7,21223,3.24
hanger,6,21234,3.24
infiltration,12,21245,3.24
kneel,5,21255,3.24
mah,3,21266,3.24
meghan,6,21280,3.24
mugs,4,21291,3.24
overlay,7,21306,3.24
plutonium,9,21318,3.24
recount,7,21328,3.24
responsibly,11,21339,3.24
russo,5,21350,3.24
skewed,6,21361,3.24
susie,5,21373,3.24
thistle,7,21385,3.24
turkeys,7,21395,3.24
voicing,7,21408,3.24
wept,4,21419,3.24
accumulating,12,21433,3.23
assures,7,21445,3.23
biographies,11,21456,3.23
clegg,5,21469,3.23
cryptic,7,21482,3.23
domino,6,21493,3.23
dyson,5,21503,3.23
fanatic,7,21514,3.23
girly,5,21526,3.23
herr,4,21537,3.23
intestine,9,21551,3.23
lambs,5,21561,3.23
lyndon,6,21573,3.23
molded,6,21584,3.23
nietzsche,9,21595,3.23
pantry,6,21608,3.23
pollard,7,21620,3.23
puncture,8,21630,3.23
rotational,10,21642,3.23
shaker,6,21654,3.23
spamming,8,21664,3.23
summarize,9,21675,3.23
truthfully,10,21687,3.23
virtuous,8,21698,3.23
abrasive,8,21713,3.22
ars,3,21725,3.22
breathed,8,21736,3.22
cheesecake,10,21747,3.22
conflicted,10,21758,3.22
ctrl,4,21768,3.22
drumming,8,21780,3.22
familial,8,21792,3.22
fruition,8,21802,3.22
grappling,9,21813,3.22
hye,3,21825,3.22
justine,7,21836,3.22
lineman,7,21850,3.22
memorize,8,21862,3.22
momentarily,11,21873,3.22
nyse,4,21885,3.22
pictorial,9,21896,3.22
puma,4,21907,3.22
sabine,6,21918,3.22
sewers,6,21929,3.22
smuggled,8,21940,3.22
stu,3,21951,3.22
thingy,6,21962,3.22
versed,6,21972,3.22
zhao,4,21984,3.22
applauded,9,21996,3.21
bengali,7,22008,3.21
brandt,6,22019,3.21
chihuahua,9,22033,3.21
conqueror,9,22044,3.21
deformed,8,22055,3.21
edm,3,22066,3.21
esports,7,22076,3.21
flake,5,22087,3.21
guesses,7,22101,3.21
hillsborough,12,22111,3.21
interacts,9,22122,3.21
kira,4,22133,3.21
lorry,5,22143,3.21
migratory,9,22154,3.21
pamphlets,9,22167,3.21
preferential,12,22178,3.21
ramadan,7,22191,3.21
rowdy,5,22203,3.21
seneca,6,22213,3.21
someones,8,22224,3.21
suitability,11,22235,3.21
timeout,7,22245,3.21
uniqueness,10,22259,3.21
yellowish,9,22270,3.21
alfie,5,22282,3.2
assassinate,11,22293,3.2
brisk,5,22305,3.2
cereals,7,22317,3.2
como,4,22328,3.2
curiously,9,22339,3.2
detergent,9,22350,3.2
enlarge,7,22362,3.2
favorably,9,22374,3.2
frosty,6,22384,3.2
handedly,8,22395,3.2
imposes,7,22407,3.2
lanterns,8,22419,3.2
mahal,5,22432,3.2
millie,6,22443,3.2
oblique,7,22453,3.2
partridge,9,22465,3.2
rca,3,22478,3.2
researches,10,22489,3.2
scraped,7,22500,3.2
slumber,7,22510,3.2
tahoe,5,22521,3.2
ugandan,7,22534,3.2
vocation,8,22544,3.2
aerobic,7,22563,3.19
assertive,9,22575,3.19
beale,5,22586,3.19
briefed,7,22597,3.19
celeste,7,22608,3.19
comets,6,22619,3.19
crammed,7,22632,3.19
derry,5,22643,3.19
dystopian,9,22654,3.19
exaggerating,12,22665,3.19
forgery,7,22676,3.19
gimmick,7,22686,3.19
hammering,9,22698,3.19
jameson,7,22711,3.19
leland,6,22722,3.19
lumps,5,22733,3.19
mortals,7,22744,3.19
ogden,5,22756,3.19
perverted,9,22767,3.19
purified,8,22780,3.19
remission,9,22790,3.19
rotterdam,9,22801,3.19
signage,7,22812,3.19
sprawling,9,22822,3.19
sweatshirt,10,22834,3.19
unqualified,11,22847,3.19
watchdog,8,22858,3.19
zulu,4,22870,3.19
alcoholics,10,22883,3.18
bagel,5,22893,3.18
branched,8,22905,3.18
burnham,7,22917,3.18
clocked,7,22930,3.18
craziest,8,22941,3.18
disabling,9,22952,3.18
enzo,4,22963,3.18
floss,5,22974,3.18
gustav,6,22987,3.18
hopelessly,10,22997,3.18
insolvency,10,23009,3.18
klan,4,23020,3.18
marquee,7,23031,3.18
monsanto,8,23043,3.18
padding,7,23054,3.18
pikachu,7,23064,3.18
rebates,7,23076,3.18
rhinos,6,23088,3.18
shouldnt,8,23098,3.18
soothe,6,23109,3.18
tablespoons,11,23120,3.18
thaw,4,23130,3.18
undertaker,10,23143,3.18
yves,4,23158,3.18
anemia,6,23169,3.17
bismarck,8,23181,3.17
capacitor,9,23192,3.17
childs,6,23202,3.17
conceivable,11,23213,3.17
councilman,10,23224,3.17
denoted,7,23235,3.17
dorian,6,23247,3.17
envision,8,23259,3.17
felon,5,23270,3.17
gorman,6,23282,3.17
haryana,7,23294,3.17
humbly,6,23306,3.17
jordanian,9,23319,3.17
macquarie,9,23330,3.17
mustered,8,23340,3.17
parmesan,8,23351,3.17
policymakers,12,23362,3.17
rapport,7,23372,3.17
sayings,7,23383,3.17
shroud,6,23394,3.17
stewards,8,23407,3.17
twinkle,7,23419,3.17
voss,4,23430,3.17
alienation,10,23451,3.16
aunty,5,23465,3.16
blackjack,9,23475,3.16
carers,6,23486,3.16
composites,10,23497,3.16
dade,4,23508,3.16
eastman,7,23520,3.16
eyelids,7,23533,3.16
foresight,9,23543,3.16
hackney,7,23558,3.16
intensify,9,23571,3.16
knitted,7,23584,3.16
mcdermott,9,23595,3.16
mussolini,9,23607,3.16
ono,3,23618,3.16
pharmacists,11,23629,3.16
propensity,10,23641,3.16
remodeling,10,23652,3.16
ruse,4,23664,3.16
shortlisted,11,23675,3.16
springsteen,11,23686,3.16
theorist,8,23698,3.16
tsar,4,23710,3.16
westerners,10,23723,3.16
abba,4,23736,3.15
apprentices,11,23747,3.15
battleship,10,23757,3.15
burnout,7,23768,3.15
chairperson,11,23779,3.15
corolla,7,23790,3.15
deployments,11,23802,3.15
doughnuts,9,23813,3.15
enchanting,10,23823,3.15
formality,9,23835,3.15
goliath,7,23846,3.15
hashtags,8,23857,3.15
incline,7,23868,3.15
jus,3,23881,3.15
lilies,6,23891,3.15
mika,4,23903,3.15
mulberry,8,23916,3.15
omnibus,7,23926,3.15
pcr,3,23937,3.15
powders,7,23948,3.15
quadruple,9,23958,3.15
regenerate,10,23969,3.15
sax,3,23982,3.15
shortening,10,23992,3.15
solidly,7,24004,3.15
tapered,7,24015,3.15
thwarted,8,24026,3.15
turrets,7,24037,3.15
utilised,8,24049,3.15
worsening,9,24060,3.15
abd,3,24071,3.14
animate,7,24082,3.14
barns,5,24093,3.14
cantor,6,24105,3.14
coachella,9,24117,3.14
cram,4,24128,3.14
delve,5,24139,3.14
dwarves,7,24151,3.14
fsa,3,24161,3.14
googled,7,24172,3.14
hazy,4,24184,3.14
ide,3,24195,3.14
ivf,3,24207,3.14
lark,4,24221,3.14
mardi,5,24231,3.14
mohawk,6,24243,3.14
nineties,8,24255,3.14
pandas,6,24266,3.14
postings,8,24277,3.14
ranting,7,24289,3.14
ric,3,24299,3.14
sightseeing,11,24310,3.14
spleen,6,24321,3.14
superpowers,11,24331,3.14
underwriting,12,24346,3.14
whit,4,24357,3.14
acutely,7,24369,3.13
aries,5,24380,3.13
betraying,9,24390,3.13
burdened,8,24401,3.13
commotion,9,24413,3.13
denominator,11,24423,3.13
ect,3,24434,3.13
firefly,7,24447,3.13
goldie,6,24459,3.13
hilda,5,24470,3.13
innovate,8,24481,3.13
lat,3,24494,3.13
martins,7,24505,3.13
minh,4,24519,3.13
nawaz,5,24529,3.13
peugeot,7,24542,3.13
preventative,12,24553,3.13
rafa,4,24563,3.13
rgb,3,24575,3.13
sho,3,24589,3.13
standoff,8,24599,3.13
tapering,8,24610,3.13
unbreakable,11,24621,3.13
verona,6,24631,3.13
adaptable,9,24643,3.12
aps,3,24655,3.12
atypical,8,24666,3.12
bavarian,8,24677,3.12
burgeoning,10,24689,3.12
clarinet,8,24702,3.12
contraband,10,24713,3.12
delinquent,10,24724,3.12
enticing,8,24738,3.12
feline,6,24749,3.12
galilee,7,24762,3.12
gunna,5,24773,3.12
hoist,5,24784,3.12
inhibits,8,24797,3.12
laces,5,24812,3.12
massacres,9,24823,3.12
morty,5,24834,3.12
nickelodeon,11,24844,3.12
parramatta,10,24855,3.12
poc,3,24867,3.12
readership,10,24877,3.12
runways,7,24888,3.12
sera,4,24899,3.12
somethings,10,24909,3.12
strikingly,10,24921,3.12
trailed,7,24932,3.12
unspeakable,11,24944,3.12
wondrous,8,24957,3.12
affliction,10,24975,3.11
attaches,8,24986,3.11
bree,4,24998,3.11
clerics,7,25010,3.11
counterpoint,12,25022,3.11
dill,4,25033,3.11
emi,3,25046,3.11
farley,6,25056,3.11
fugitives,9,25067,3.11
gundam,6,25080,3.11
homicides,9,25092,3.11
isbn,4,25105,3.11
levers,6,25118,3.11
maclean,7,25128,3.11
minsk,5,25141,3.11
occupant,8,25154,3.11
parliaments,11,25165,3.11
polynomial,10,25177,3.11
rocco,5,25189,3.11
screeching,10,25199,3.11
smuggle,7,25210,3.11
stings,6,25222,3.11
thurston,8,25234,3.11
unplugged,9,25245,3.11
wrestled,8,25259,3.11
aeronautics,11,25271,3.1
arturo,6,25282,3.1
batters,7,25293,3.1
brazen,6,25303,3.1
catered,7,25314,3.1
concealing,10,25326,3.1
creatively,10,25339,3.1
detects,7,25351,3.1
doves,5,25361,3.1
estonian,8,25375,3.1
flimsy,6,25387,3.1
gullible,8,25397,3.1
hijacking,9,25408,3.1
illegals,8,25420,3.1
jacobson,8,25432,3.1
kathmandu,9,25445,3.1
littered,8,25456,3.1
marguerite,10,25466,3.1
mismatch,8,25477,3.1
munster,7,25490,3.1
normative,9,25500,3.1
overthrown,10,25511,3.1
peed,4,25522,3.1
plat,4,25532,3.1
rationality,11,25544,3.1
rockers,7,25556,3.1
seamlessly,10,25566,3.1
skunk,5,25578,3.1
sparsely,8,25589,3.1
subtract,8,25600,3.1
tiki,4,25615,3.1
tufts,5,25626,3.1
vick,4,25636,3.1
addis,5,25650,3.09
arden,5,25663,3.09
avenger,7,25673,3.09
booed,5,25684,3.09
campsite,8,25696,3.09
coherence,9,25708,3.09
crisps,6,25720,3.09
diminutive,10,25733,3.09
elisa,5,25743,3.09
executioner,11,25754,3.09
fresco,6,25767,3.09
granville,9,25777,3.09
ima,3,25790,3.09
invoices,8,25803,3.09
kermit,6,25815,3.09
lukewarm,8,25827,3.09
markup,6,25838,3.09
motley,6,25849,3.09
oftentimes,10,25863,3.09
pane,4,25874,3.09
playgrounds,11,25884,3.09
quot,4,25896,3.09
reused,6,25908,3.09
savoy,5,25918,3.09
softening,9,25929,3.09
symptomatic,11,25943,3.09
tourney,7,25953,3.09
unwind,6,25965,3.09
wrecks,6,25978,3.09
airflow,7,25994,3.08
ast,3,26006,3.08
blushing,8,26018,3.08
cartier,7,26028,3.08
chopra,6,26039,3.08
creeks,6,26050,3.08
disallowed,10,26061,3.08
duped,5,26072,3.08
evokes,6,26084,3.08
gags,4,26094,3.08
haiku,5,26105,3.08
hoy,3,26117,3.08
ingrained,9,26127,3.08
kilda,5,26139,3.08
lull,4,26150,3.08
mayfield,8,26160,3.08
moratorium,10,26172,3.08
neurotic,8,26185,3.08
ong,3,26195,3.08
prerogative,11,26207,3.08
rationally,10,26220,3.08
rms,3,26230,3.08
seung,5,26241,3.08
slipper,7,26253,3.08
spits,5,26263,3.08
sutter,6,26274,3.08
toolkit,7,26285,3.08
veal,4,26298,3.08
woodley,7,26309,3.08
alexandre,9,26325,3.07
backpacks,9,26337,3.07
boosters,8,26348,3.07
capcom,6,26358,3.07
circuitry,9,26370,3.07
cubicle,7,26384,3.07
deliverance,11,26395,3.07
ejection,8,26406,3.07
fannie,6,26417,3.07
forfeited,9,26428,3.07
ghastly,7,26441,3.07
handset,7,26453,3.07
holster,7,26463,3.07
issuer,6,26476,3.07
leningrad,9,26489,3.07
mariana,7,26499,3.07
morph,5,26513,3.07
nouveau,7,26526,3.07
oxidative,9,26541,3.07
persians,8,26552,3.07
purposeful,10,26564,3.07
resented,8,26574,3.07
roper,5,26585,3.07
shank,5,26596,3.07
sociopath,9,26606,3.07
stinging,8,26617,3.07
thyme,5,26628,3.07
tron,4,26638,3.07
upland,6,26650,3.07
yawn,4,26663,3.07
amphibious,10,26675,3.06
aussies,7,26687,3.06
blanco,6,26698,3.06
caine,5,26708,3.06
childless,9,26719,3.06
coney,5,26730,3.06
cubans,6,26741,3.06
dey,3,26753,3.06
downer,6,26764,3.06
epi,3,26775,3.06
fatter,6,26786,3.06
foolishness,11,26797,3.06
guillermo,9,26807,3.06
hoof,4,26820,3.06
incognito,9,26833,3.06
ism,3,26845,3.06
lambda,6,26857,3.06
lynching,8,26870,3.06
masterful,9,26880,3.06
moniker,7,26891,3.06
nps,3,26904,3.06
plunging,8,26917,3.06
raged,5,26929,3.06
requiem,7,26940,3.06
sari,4,26953,3.06
skirmish,8,26964,3.06
sprints,7,26975,3.06
sumo,4,26985,3.06
thwart,6,26996,3.06
trish,5,27008,3.06
ventral,7,27019,3.06
worsen,6,27032,3.06
antichrist,10,27048,3.05
asymmetrical,12,27059,3.05
biggs,5,27070,3.05
cannibal,8,27083,3.05
complements,11,27094,3.05
crossbow,8,27107,3.05
delicately,10,27118,3.05
doorbell,8,27128,3.05
excites,7,27139,3.05
fractional,10,27152,3.05
gunnar,6,27164,3.05
impediment,10,27175,3.05
keegan,6,27190,3.05
livelihoods,11,27200,3.05
melodrama,9,27214,3.05
mundo,5,27225,3.05
ostrich,7,27236,3.05
plankton,8,27248,3.05
queuing,7,27259,3.05
retracted,9,27270,3.05
shards,6,27281,3.05
somber,6,27291,3.05
suffix,6,27302,3.05
ticketing,9,27314,3.05
unwritten,9,27325,3.05
willpower,9,27341,3.05
adv,3,27358,3.04
asu,3,27368,3.04
bleaching,9,27379,3.04
burials,7,27391,3.04
clearest,8,27401,3.04
contending,10,27412,3.04
decoy,5,27424,3.04
discreetly,10,27434,3.04
emulation,9,27445,3.04
fca,3,27456,3.04
forgave,7,27466,3.04
goody,5,27478,3.04
hdr,3,27489,3.04
horned,6,27499,3.04
instinctive,11,27514,3.04
kabir,5,27526,3.04
lashing,7,27536,3.04
lucien,6,27547,3.04
merle,5,27559,3.04
mortuary,8,27569,3.04
neurologist,11,27582,3.04
penicillin,10,27594,3.04
prolly,6,27604,3.04
remodeled,9,27618,3.04
sanctity,8,27630,3.04
shotguns,8,27640,3.04
sociologist,11,27651,3.04
stringer,8,27663,3.04
tarantino,9,27674,3.04
undefined,9,27687,3.04
whitehouse,10,27698,3.04
adc,3,27709,3.03
apprehensive,12,27721,3.03
banco,5,27734,3.03
blot,4,27745,3.03
brentwood,9,27756,3.03
cheaters,8,27769,3.03
confetti,8,27780,3.03
crock,5,27794,3.03
deviant,7,27805,3.03
dorado,6,27815,3.03
ensues,6,27827,3.03
flirty,6,27838,3.03
gaia,4,27849,3.03
gutierrez,9,27862,3.03
hydrocarbon,11,27876,3.03
invariant,9,27888,3.03
latham,6,27900,3.03
maltese,7,27912,3.03
masons,6,27922,3.03
mixers,6,27936,3.03
numerals,8,27948,3.03
pedophiles,10,27958,3.03
ppc,3,27970,3.03
racked,6,27983,3.03
retract,7,27994,3.03
sana,4,28005,3.03
severn,6,28016,3.03
solemnly,8,28026,3.03
substituting,12,28037,3.03
tensor,6,28048,3.03
toulon,6,28059,3.03
unjustified,11,28071,3.03
walnuts,7,28082,3.03
yangon,6,28093,3.03
aisha,5,28106,3.02
aquinas,7,28119,3.02
betterment,10,28131,3.02
burrell,7,28142,3.02
coffees,7,28153,3.02
cyclones,8,28164,3.02
dup,3,28177,3.02
endorses,8,28188,3.02
eventful,8,28198,3.02
fructose,8,28211,3.02
godwin,6,28221,3.02
hagen,5,28233,3.02
hypothesized,12,28244,3.02
insulating,10,28255,3.02
kami,4,28269,3.02
levies,6,28280,3.02
methodical,10,28290,3.02
nacho,5,28302,3.02
outwardly,9,28315,3.02
photovoltaic,12,28326,3.02
racetrack,9,28337,3.02
roadways,8,28348,3.02
seagull,7,28358,3.02
sion,4,28370,3.02
spiced,6,28384,3.02
sumptuous,9,28394,3.02
transmits,9,28406,3.02
vapour,6,28418,3.02
winfrey,7,28428,3.02
absences,8,28442,3.01
atk,3,28457,3.01
bla,3,28468,3.01
capricorn,9,28479,3.01
chit,4,28490,3.01
crayons,7,28501,3.01
detract,7,28512,3.01
dubs,4,28523,3.01
eucalyptus,10,28533,3.01
fecal,5,28545,3.01
gangsta,7,28557,3.01
goblins,7,28567,3.01
hemsworth,9,28579,3.01
inca,4,28593,3.01
kpop,4,28606,3.01
marsden,7,28617,3.01
moderators,10,28628,3.01
nestled,7,28638,3.01
oop,3,28651,3.01
parrots,7,28662,3.01
pleistocene,11,28672,3.01
raisin,6,28683,3.01
resistor,8,28694,3.01
sahib,5,28705,3.01
sharpening,10,28716,3.01
smitten,7,28728,3.01
stakeholder,11,28740,3.01
taunting,8,28752,3.01
transcends,10,28763,3.01
ump,3,28774,3.01
voldemort,9,28786,3.01
yoghurt,7,28800,3.01
alienating,10,28811,3.0
austere,7,28822,3.0
beamed,6,28834,3.0
bmc,3,28845,3.0
buoy,4,28856,3.0
chichester,10,28868,3.0
conundrum,9,28880,3.0
discounting,11,28893,3.0
embedding,9,28905,3.0
extremity,9,28916,3.0
freckles,8,28927,3.0
gulls,5,28939,3.0
hernia,6,28949,3.0
jeter,5,28965,3.0
lisp,4,28977,3.0
mather,6,28989,3.0
molasses,8,29000,3.0
nepali,6,29011,3.0
orkney,6,29021,3.0
permian,7,29033,3.0
positional,10,29044,3.0
railings,8,29055,3.0
revolved,8,29066,3.0
scorpions,9,29077,3.0
silvery,7,29087,3.0
sowing,6,29099,3.0
surged,6,29110,3.0
tenet,5,29121,3.0
unisex,6,29136,3.0
wrinkled,8,29147,3.0
alluding,8,29157,2.99
astrid,6,29172,2.99
beal,4,29182,2.99
boobies,7,29193,2.99
calvary,7,29204,2.99
clog,4,29215,2.99
cranial,7,29226,2.99
detach,6,29238,2.99
dreading,8,29248,2.99
ensembles,9,29259,2.99
figurines,9,29271,2.99
forerunner,10,29281,2.99
genomics,8,29292,2.99
hadith,6,29303,2.99
hostels,7,29313,2.99
janine,6,29325,2.99
lackluster,10,29338,2.99
livid,5,29348,2.99
magnified,9,29360,2.99
meditations,11,29374,2.99
molar,5,29384,2.99
nous,4,29396,2.99
outfitted,9,29407,2.99
phuket,6,29418,2.99
recessed,8,29432,2.99
ritter,6,29444,2.99
setter,6,29455,2.99
slush,5,29467,2.99
squashed,8,29478,2.99
swivel,6,29489,2.99
twitching,9,29500,2.99
uzi,3,29512,2.99
wholesalers,11,29522,2.99
airstrike,9,29534,2.98
arundel,7,29545,2.98
bbb,3,29555,2.98
brees,5,29566,2.98
calculators,11,29578,2.98
cdt,3,29590,2.98
cobain,6,29601,2.98
copyrights,10,29614,2.98
debuting,8,29625,2.98
edmunds,7,29637,2.98
fascia,6,29648,2.98
flopped,7,29658,2.98
goaltender,10,29669,2.98
hatchback,9,29681,2.98
impatience,10,29691,2.98
jocelyn,7,29704,2.98
leblanc,7,29716,2.98
ludlow,6,29726,2.98
meritorious,11,29738,2.98
motown,6,29751,2.98
northrop,8,29764,2.98
outposts,8,29776,2.98
phasing,7,29787,2.98
proletariat,11,29797,2.98
rediscovered,12,29808,2.98
rousing,7,29819,2.98
sexting,7,29832,2.98
srs,3,29844,2.98
taint,5,29856,2.98
tranny,6,29866,2.98
vikram,6,29880,2.98
yanked,6,29894,2.98
amortization,12,29907,2.97
asc,3,29918,2.97
bebe,4,29929,2.97
bottleneck,10,29940,2.97
camelot,7,29951,2.97
cfb,3,29962,2.97
clots,5,29972,2.97
ctr,3,29985,2.97
deduce,6,29996,2.97
displeased,10,30006,2.97
ember,5,30019,2.97
evaluates,9,30030,2.97
farting,7,30041,2.97
frida,5,30052,2.97
ginsburg,8,30064,2.97
hag,3,30075,2.97
huston,6,30086,2.97
inquired,8,30097,2.97
kaepernick,10,30110,2.97
lubrication,11,30122,2.97
mehta,5,30132,2.97
mullet,6,30147,2.97
openers,7,30159,2.97
panty,5,30169,2.97
posthumous,10,30184,2.97
repayments,10,30199,2.97
sapiens,7,30212,2.97
shredder,8,30223,2.97
snows,5,30234,2.97
stl,3,30245,2.97
tes,3,30257,2.97
unlocks,7,30270,2.97
violets,7,30280,2.97
winona,6,30291,2.97
agro,4,30304,2.96
argyle,6,30315,2.96
avenged,7,30326,2.96
boardroom,9,30337,2.96
buena,5,30347,2.96
chandigarh,10,30358,2.96
commences,9,30370,2.96
cuddles,7,30383,2.96
dilated,7,30396,2.96
factoring,9,30411,2.96
firsts,6,30422,2.96
futility,8,30433,2.96
hedging,7,30444,2.96
impactful,9,30454,2.96
jockeys,7,30467,2.96
ligue,5,30480,2.96
mais,4,30490,2.96
millwall,8,30502,2.96
obstructive,11,30515,2.96
overpass,8,30527,2.96
plasticity,10,30538,2.96
prune,5,30551,2.96
regressive,10,30563,2.96
scolded,7,30576,2.96
sketched,8,30587,2.96
somers,6,30597,2.96
suspecting,10,30609,2.96
thayer,6,30620,2.96
tuttle,6,30631,2.96
vertebrates,11,30643,2.96
wineries,8,30655,2.96
abv,3,30672,2.95
anthems,7,30684,2.95
aur,3,30695,2.95
bookies,7,30705,2.95
bypassed,8,30717,2.95
centering,9,30728,2.95
constituting,12,30740,2.95
debtors,7,30752,2.95
dhoni,5,30763,2.95
edema,5,30776,2.95
exacting,8,30787,2.95
finishers,9,30798,2.95
ganesh,6,30808,2.95
haves,5,30822,2.95
hotspots,8,30833,2.95
influencer,10,30844,2.95
kimono,6,30855,2.95
lingers,7,30866,2.95
marketer,8,30877,2.95
morbidity,9,30888,2.95
northerly,9,30900,2.95
pent,4,30915,2.95
quakers,7,30927,2.95
reelected,9,30938,2.95
sachin,6,30948,2.95
schubert,8,30960,2.95
sleepover,9,30971,2.95
src,3,30981,2.95
sunburn,7,30994,2.95
topple,6,31007,2.95
ubisoft,7,31018,2.95
ven,3,31029,2.95
acp,3,31045,2.94
altruism,8,31056,2.94
assemblage,10,31067,2.94
benito,6,31078,2.94
brandenburg,11,31090,2.94
charlene,8,31103,2.94
combos,6,31114,2.94
damper,6,31127,2.94
disqualify,10,31139,2.94
dsp,3,31149,2.94
envoys,6,31161,2.94
fayette,7,31172,2.94
galatasaray,11,31185,2.94
gud,3,31196,2.94
href,4,31208,2.94
impassioned,11,31220,2.94
kelso,5,31232,2.94
livermore,9,31243,2.94
mesopotamia,11,31256,2.94
newsletters,11,31267,2.94
oust,4,31281,2.94
picturing,9,31292,2.94
raiser,6,31304,2.94
repellent,9,31315,2.94
runny,5,31326,2.94
seabed,6,31338,2.94
skirmishes,10,31349,2.94
stabilizer,10,31360,2.94
takeout,7,31372,2.94
totes,5,31383,2.94
valle,5,31395,2.94
weil,4,31407,2.94
yap,3,31418,2.94
amiss,5,31430,2.93
assesses,8,31445,2.93
bobbi,5,31458,2.93
camino,6,31469,2.93
colloquial,10,31480,2.93
cornea,6,31492,2.93
denials,7,31503,2.93
disprove,8,31516,2.93
dryness,7,31527,2.93
emt,3,31537,2.93
expats,6,31548,2.93
fitzroy,7,31559,2.93
gagging,7,31569,2.93
groans,6,31580,2.93
hauser,6,31592,2.93
hotly,5,31602,2.93
immigrated,10,31614,2.93
kharkiv,7,31626,2.93
libra,5,31636,2.93
mcdaniel,8,31651,2.93
msa,3,31662,2.93
naturalistic,12,31673,2.93
osman,5,31685,2.93
paychecks,9,31696,2.93
pique,5,31706,2.93
proudest,8,31717,2.93
reprimanded,11,31729,2.93
sant,4,31743,2.93
sensibly,8,31757,2.93
socal,5,31770,2.93
subcontinent,12,31782,2.93
therese,7,31794,2.93
twine,5,31806,2.93
videogame,9,31817,2.93
wedded,6,31828,2.93
xxi,3,31839,2.93
aorta,5,31855,2.92
aya,3,31866,2.92
bol,3,31878,2.92
bumblebee,9,31889,2.92
casings,7,31902,2.92
chokes,6,31913,2.92
commie,6,31924,2.92
copycat,7,31936,2.92
ddos,4,31947,2.92
dribbling,9,31958,2.92
este,4,31970,2.92
favourably,10,31981,2.92
florentine,10,31991,2.92
gad,3,32004,2.92
governorship,12,32015,2.92
harrogate,9,32025,2.92
hygienic,8,32036,2.92
intricacies,11,32046,2.92
levelling,9,32059,2.92
mano,4,32070,2.92
midweek,7,32082,2.92
nair,4,32094,2.92
orientations,12,32106,2.92
permeability,12,32119,2.92
priestly,8,32131,2.92
reappeared,10,32144,2.92
replaceable,11,32154,2.92
sages,5,32166,2.92
shuttles,8,32177,2.92
soulmate,8,32188,2.92
subtropical,11,32199,2.92
tiredness,9,32211,2.92
underscores,11,32223,2.92
wabash,6,32236,2.92
wheelchairs,11,32247,2.92
yunnan,6,32257,2.92
amon,4,32271,2.91
automata,8,32286,2.91
bleachers,9,32296,2.91
calle,5,32308,2.91
chump,5,32322,2.91
cordelia,8,32332,2.91
dapper,6,32343,2.91
dispensaries,12,32355,2.91
dunkin,6,32367,2.91
environs,8,32378,2.91
eyewitnesses,12,32389,2.91
fisa,4,32399,2.91
gecko,5,32410,2.91
grudges,7,32421,2.91
heartily,8,32431,2.91
iliad,5,32442,2.91
irreparable,11,32454,2.91
korra,5,32465,2.91
lcs,3,32477,2.91
malloy,6,32488,2.91
melton,6,32498,2.91
musketeers,10,32510,2.91
offsets,7,32521,2.91
pectoral,8,32531,2.91
prohibitions,12,32542,2.91
redford,7,32555,2.91
rmb,3,32565,2.91
salinas,7,32576,2.91
setlist,7,32587,2.91
spilt,5,32598,2.91
streisand,9,32609,2.91
telephoned,10,32620,2.91
tuner,5,32630,2.91
valour,6,32644,2.91
woodhouse,9,32656,2.91
adonis,6,32667,2.9
arduino,7,32678,2.9
bakeries,8,32689,2.9
bigelow,7,32699,2.9
borrows,7,32710,2.9
carotid,7,32723,2.9
coconuts,8,32734,2.9
cpt,3,32746,2.9
dandelion,9,32757,2.9
destruct,8,32767,2.9
dmitri,6,32779,2.9
empties,7,32791,2.9
expend,6,32801,2.9
frazer,6,32812,2.9
gilchrist,9,32823,2.9
gwent,5,32834,2.9
hoh,3,32846,2.9
infatuated,10,32861,2.9
interrogate,11,32873,2.9
klay,4,32885,2.9
lingered,8,32897,2.9
maoist,6,32908,2.9
messianic,9,32920,2.9
musket,6,32931,2.9
numbing,7,32944,2.9
overhauled,10,32955,2.9
philipp,7,32966,2.9
posturing,9,32976,2.9
psychopathic,12,32989,2.9
reprimand,9,33000,2.9
sculptural,10,33012,2.9
soyuz,5,33024,2.9
steakhouse,10,33034,2.9
tem,3,33048,2.9
torrential,10,33062,2.9
valence,7,33072,2.9
whitening,9,33085,2.9
xenon,5,33096,2.9
alla,4,33112,2.89
artsy,5,33130,2.89
barra,5,33142,2.89
bosco,5,33152,2.89
caveman,7,33166,2.89
clamped,7,33179,2.89
corrupting,10,33190,2.89
diocesan,8,33203,2.89
drunkenness,11,33214,2.89
esters,6,33224,2.89
ferreira,8,33235,2.89
foia,4,33247,2.89
golan,5,33257,2.89
heeled,6,33270,2.89
inefficiency,12,33282,2.89
jacking,7,33294,2.89
lefties,7,33306,2.89
mangrove,8,33318,2.89
miocene,7,33331,2.89
nunn,4,33345,2.89
panes,5,33357,2.89
pomona,6,33369,2.89
putty,5,33380,2.89
repeater,8,33392,2.89
sacha,5,33404,2.89
shogun,6,33415,2.89
socialite,9,33426,2.89
subspace,8,33436,2.89
telangana,9,33448,2.89
torched,7,33459,2.89
undulating,10,33472,2.89
whiny,5,33485,2.89
adapts,6,33500,2.88
amigos,6,33510,2.88
asynchronous,12,33521,2.88
baz,3,33533,2.88
booting,7,33543,2.88
canoeing,8,33554,2.88
chisholm,8,33565,2.88
clings,6,33576,2.88
consecration,12,33588,2.88
daddies,7,33601,2.88
depositing,10,33611,2.88
dissenters,10,33622,2.88
emotive,7,33634,2.88
fec,3,33647,2.88
gamecube,8,33658,2.88
habib,5,33669,2.88
igbo,4,33679,2.88
jabs,4,33691,2.88
kubrick,7,33706,2.88
lott,4,33716,2.88
maroons,7,33729,2.88
milliseconds,12,33740,2.88
munching,8,33751,2.88
nvm,3,33762,2.88
outfitters,10,33774,2.88
pate,4,33784,2.88
pooped,6,33796,2.88
pulaski,7,33807,2.88
refractory,10,33817,2.88
rutledge,8,33829,2.88
seared,6,33840,2.88
slanted,7,33851,2.88
strongman,9,33862,2.88
tallied,7,33873,2.88
timings,7,33883,2.88
uga,3,33894,2.88
waterfowl,9,33906,2.88
yuma,4,33917,2.88
amyloid,7,33934,2.87
barth,5,33945,2.87
blum,4,33956,2.87
buckeye,7,33967,2.87
ceasing,7,33977,2.87
commemorates,12,33989,2.87
culling,7,34000,2.87
definately,10,34011,2.87
discloses,9,34024,2.87
elisha,6,34039,2.87
fairmont,8,34053,2.87
forgetful,9,34064,2.87
geronimo,8,34078,2.87
grinned,7,34090,2.87
helmut,6,34102,2.87
huckabee,8,34114,2.87
intensifying,12,34126,2.87
jolla,5,34140,2.87
kmt,3,34151,2.87
lifecycle,9,34161,2.87
magee,5,34175,2.87
mavis,5,34186,2.87
mikel,5,34196,2.87
nox,3,34207,2.87
peachy,6,34218,2.87
posthumously,12,34229,2.87
pulsing,7,34241,2.87
realignment,11,34252,2.87
rescind,7,34262,2.87
sca,3,34274,2.87
sighing,7,34285,2.87
splice,6,34295,2.87
subsystem,9,34307,2.87
tipsy,5,34319,2.87
turbocharged,12,34329,2.87
vue,3,34342,2.87
zia,3,34357,2.87
ales,4,34373,2.86
astonishment,12,34386,2.86
betrothed,9,34397,2.86
brightened,10,34409,2.86
carer,5,34420,2.86
clapham,7,34432,2.86
conjugate,9,34446,2.86
debug,5,34458,2.86
eldridge,8,34473,2.86
farrah,6,34483,2.86
gaby,4,34495,2.86
gleason,7,34506,2.86
hav,3,34516,2.86
honduran,8,34527,2.86
infamy,6,34540,2.86
jacoby,6,34551,2.86
legumes,7,34565,2.86
lookup,6,34576,2.86
mehdi,5,34586,2.86
monologues,10,34597,2.86
neutralized,11,34609,2.86
outboard,8,34620,2.86
pharisees,9,34632,2.86
presumptuous,12,34646,2.86
quince,6,34657,2.86
rfid,4,34669,2.86
sdn,3,34680,2.86
smoothed,8,34691,2.86
stipulates,10,34702,2.86
tapas,5,34713,2.86
tiling,6,34723,2.86
unbridled,9,34734,2.86
welterweight,12,34745,2.86
yon,3,34757,2.86
ahmet,5,34770,2.85
asif,4,34781,2.85
barnabas,8,34791,2.85
bobbing,7,34803,2.85
callaway,8,34814,2.85
chromosomal,11,34826,2.85
conveniences,12,34838,2.85
deanna,6,34851,2.85
domed,5,34861,2.85
epp,3,34872,2.85
fatah,5,34884,2.85
frostbite,9,34894,2.85
hakeem,6,34909,2.85
heston,6,34919,2.85
imogen,6,34931,2.85
kda,3,34946,2.85
laurels,7,34956,2.85
lumped,6,34969,2.85
meddle,6,34980,2.85
multiverse,10,34992,2.85
orville,7,35004,2.85
photogenic,10,35015,2.85
prairies,8,35027,2.85
realtime,8,35041,2.85
romp,4,35056,2.85
scoured,7,35066,2.85
shoo,4,35078,2.85
sparky,6,35089,2.85
stunningly,10,35100,2.85
thrashed,8,35112,2.85
tugs,4,35124,2.85
underpaid,9,35134,2.85
vaudeville,10,35145,2.85
weighty,7,35158,2.85
aberystwyth,11,35170,2.84
amiable,7,35181,2.84
backwater,9,35192,2.84
biosynthesis,12,35203,2.84
carnivores,10,35214,2.84
colosseum,9,35225,2.84
cta,3,35238,2.84
degeneres,9,35250,2.84
dormitories,11,35262,2.84
eccentricity,12,35273,2.84
esta,4,35284,2.84
flopping,8,35295,2.84
gaba,4,35308,2.84
grundy,6,35319,2.84
heighten,8,35330,2.84
holstein,8,35341,2.84
indigestion,11,35353,2.84
islamophobia,12,35367,2.84
krista,6,35379,2.84
ltc,3,35391,2.84
mcnair,6,35403,2.84
montessori,10,35413,2.84
necessitate,11,35425,2.84
obsessions,10,35436,2.84
overturning,11,35446,2.84
pigmented,9,35459,2.84
punters,7,35471,2.84
reina,5,35482,2.84
robben,6,35493,2.84
segal,5,35505,2.84
simmonds,8,35516,2.84
spi,3,35528,2.84
stressors,9,35539,2.84
taka,4,35551,2.84
turnip,6,35562,2.84
veritas,7,35575,2.84
winkler,7,35587,2.84
adieu,5,35604,2.83
austro,6,35616,2.83
belting,7,35630,2.83
butterfield,11,35641,2.83
certifying,10,35652,2.83
contaminate,11,35662,2.83
dalek,5,35675,2.83
dipshit,7,35687,2.83
dundas,6,35698,2.83
etat,4,35710,2.83
foal,4,35721,2.83
gaudy,5,35731,2.83
grout,5,35742,2.83
highlighter,11,35753,2.83
ibrahimovic,11,35764,2.83
inflows,7,35777,2.83
jah,3,35790,2.83
kiosks,6,35802,2.83
lovato,6,35814,2.83
meeks,5,35826,2.83
moulds,6,35836,2.83
newsnight,9,35848,2.83
outcasts,8,35860,2.83
peacekeepers,12,35871,2.83
poi,3,35882,2.83
psychoactive,12,35894,2.83
rajan,5,35905,2.83
roleplaying,11,35918,2.83
scifi,5,35930,2.83
snarky,6,35941,2.83
specialise,10,35952,2.83
subservient,11,35962,2.83
swordsman,9,35975,2.83
tillman,7,35987,2.83
unconnected,11,35998,2.83
wellcome,8,36010,2.83
yolks,5,36021,2.83
alfalfa,7,36034,2.82
baguette,8,36047,2.82
carbonated,10,36061,2.82
chlamydia,9,36073,2.82
conforms,8,36086,2.82
dales,5,36098,2.82
dolph,5,36110,2.82
elwood,6,36122,2.82
eunuch,6,36134,2.82
flutes,6,36145,2.82
getter,6,36158,2.82
hallam,6,36169,2.82
ibadan,6,36182,2.82
inheriting,10,36193,2.82
jello,5,36205,2.82
kino,4,36215,2.82
lorenz,6,36227,2.82
manta,5,36238,2.82
microwaves,10,36249,2.82
neg,3,36260,2.82
pele,4,36273,2.82
pilar,5,36284,2.82
proactively,11,36298,2.82
repress,7,36313,2.82
rusher,6,36325,2.82
serrano,7,36336,2.82
stagger,7,36347,2.82
supercharged,12,36359,2.82
thang,5,36370,2.82
unorganized,11,36385,2.82
winking,7,36397,2.82
zika,4,36409,2.82
afrikaans,9,36421,2.81
antiseptic,10,36431,2.81
avionics,8,36443,2.81
blogged,7,36455,2.81
brookes,7,36465,2.81
carolinas,9,36476,2.81
ciao,4,36488,2.81
conclave,8,36498,2.81
cynic,5,36510,2.81
dissipation,11,36525,2.81
effigy,6,36536,2.81
exclusives,10,36548,2.81
flume,5,36562,2.81
gallbladder,11,36572,2.81
glut,4,36583,2.81
hatchery,8,36594,2.81
homies,6,36604,2.81
implosion,9,36615,2.81
kala,4,36628,2.81
latched,7,36638,2.81
lyrically,9,36649,2.81
mcneill,7,36660,2.81
missoula,8,36670,2.81
mulan,5,36682,2.81
oder,4,36694,2.81
pavements,9,36705,2.81
presentable,11,36716,2.81
reeks,5,36730,2.81
rommel,6,36740,2.81
scamming,8,36751,2.81
sociedad,8,36763,2.81
switchboard,11,36773,2.81
tet,3,36784,2.81
transporters,12,36795,2.81
unwieldy,8,36805,2.81
voc,3,36819,2.81
whitewash,9,36829,2.81
abdication,10,36847,2.8
ambivalence,11,36859,2.8
aretha,6,36870,2.8
belcher,7,36883,2.8
bobcat,6,36895,2.8
bullseye,8,36906,2.8
cassava,7,36917,2.8
concorde,8,36929,2.8
craps,5,36939,2.8
decomposing,11,36951,2.8
donned,6,36962,2.8
elaborating,11,36972,2.8
firmness,8,36983,2.8
genocidal,9,36994,2.8
graff,5,37004,2.8
grooms,6,37015,2.8
homemaker,9,37027,2.8
igniting,8,37037,2.8
janssen,7,37048,2.8
laborious,9,37060,2.8
loftus,6,37071,2.8
manna,5,37082,2.8
mille,5,37096,2.8
multifaceted,12,37106,2.8
nullified,9,37120,2.8
osmond,6,37131,2.8
partied,7,37144,2.8
personas,8,37155,2.8
preemptive,10,37167,2.8
quantico,8,37178,2.8
rediscover,10,37191,2.8
revives,7,37203,2.8
schilling,9,37215,2.8
sloop,5,37227,2.8
suffocation,11,37239,2.8
thrall,6,37252,2.8
tusks,5,37264,2.8
vitae,5,37276,2.8
wily,4,37287,2.8
acetone,7,37307,2.79
anni,4,37319,2.79
bantam,6,37332,2.79
bitty,5,37344,2.79
buckwheat,9,37356,2.79
carcinogenic,12,37367,2.79
chirp,5,37378,2.79
conch,5,37390,2.79
cosgrove,8,37400,2.79
desai,5,37413,2.79
doorman,7,37427,2.79
emilie,6,37437,2.79
ewe,3,37448,2.79
feta,4,37459,2.79
gossiping,9,37471,2.79
herbaceous,10,37484,2.79
honorably,9,37495,2.79
illustrators,12,37505,2.79
insufferable,12,37517,2.79
kauffman,8,37531,2.79
levee,5,37541,2.79
magnificence,12,37554,2.79
matlab,6,37566,2.79
monaghan,8,37577,2.79
neoclassical,12,37590,2.79
ocr,3,37602,2.79
pail,4,37615,2.79
phat,4,37626,2.79
presse,6,37638,2.79
rainey,6,37649,2.79
robles,6,37661,2.79
schenectady,11,37673,2.79
shakti,6,37683,2.79
skyler,6,37694,2.79
starks,6,37705,2.79
submersible,11,37715,2.79
tatar,5,37728,2.79
tonsils,7,37739,2.79
unclassified,12,37749,2.79
violators,9,37760,2.79
witcher,7,37772,2.79
accretion,9,37788,2.78
appleby,7,37799,2.78
aural,5,37810,2.78
benefitting,11,37822,2.78
boucher,7,37834,2.78
cathay,6,37846,2.78
cogs,4,37858,2.78
crests,6,37870,2.78
delving,7,37881,2.78
dominguez,9,37894,2.78
embattled,9,37905,2.78
etch,4,37917,2.78
fervently,9,37928,2.78
gemstones,9,37939,2.78
groped,6,37950,2.78
hatter,6,37963,2.78
hummer,6,37976,2.78
inverter,8,37986,2.78
kean,4,37999,2.78
ladd,4,38010,2.78
lipped,6,38020,2.78
malkin,6,38032,2.78
mediaeval,9,38044,2.78
missus,6,38054,2.78
nang,4,38067,2.78
opiates,7,38079,2.78
parietal,8,38089,2.78
pippin,6,38101,2.78
propping,8,38113,2.78
reciprocate,11,38126,2.78
rocha,5,38138,2.78
schengen,8,38150,2.78
shamans,7,38160,2.78
sourdough,9,38172,2.78
strategists,11,38183,2.78
tarrant,7,38193,2.78
thongs,6,38204,2.78
undiagnosed,11,38217,2.78
vamos,5,38227,2.78
weeps,5,38240,2.78
yardage,7,38251,2.78
admirals,8,38265,2.77
alsace,6,38276,2.77
arcades,7,38287,2.77
balinese,8,38298,2.77
blinks,6,38310,2.77
carrera,7,38322,2.77
chica,5,38332,2.77
credo,5,38345,2.77
debauchery,10,38356,2.77
dirtiest,8,38367,2.77
elan,4,38379,2.77
essen,5,38392,2.77
frankfort,9,38403,2.77
globalist,9,38415,2.77
headliners,10,38427,2.77
infidel,7,38438,2.77
islets,6,38449,2.77
knesset,7,38464,2.77
lichen,6,38474,2.77
masha,5,38487,2.77
menthol,7,38499,2.77
mowed,5,38509,2.77
notting,7,38521,2.77
opportunist,11,38532,2.77
parading,8,38543,2.77
pittman,7,38554,2.77
purifying,9,38566,2.77
rcs,3,38576,2.77
remus,5,38589,2.77
roofed,6,38600,2.77
scoundrel,9,38610,2.77
slob,4,38621,2.77
squirting,9,38632,2.77
swinger,7,38642,2.77
tigris,6,38654,2.77
unleashes,9,38668,2.77
voracious,9,38678,2.77
wilful,6,38689,2.77
accentuate,10,38704,2.76
ainsworth,9,38714,2.76
anima,5,38725,2.76
awash,5,38739,2.76
bawling,7,38749,2.76
bluffing,8,38761,2.76
butthurt,8,38771,2.76
chippewa,8,38782,2.76
crouched,8,38794,2.76
dijon,5,38805,2.76
ece,3,38818,2.76
exerts,6,38832,2.76
foams,5,38842,2.76
furman,6,38854,2.76
goodwood,8,38865,2.76
hardball,8,38877,2.76
hob,3,38889,2.76
incisive,8,38901,2.76
intersects,10,38913,2.76
jonathon,8,38925,2.76
laity,5,38936,2.76
lipton,6,38946,2.76
mauro,5,38960,2.76
miu,3,38971,2.76
mucous,6,38982,2.76
nips,4,38993,2.76
outcrop,7,39006,2.76
pariah,6,39017,2.76
pillage,7,39028,2.76
presuming,9,39039,2.76
realy,5,39050,2.76
rimmed,6,39061,2.76
santorum,8,39073,2.76
shallower,9,39084,2.76
solaris,7,39096,2.76
sternum,7,39108,2.76
suleiman,8,39121,2.76
trickling,9,39134,2.76
unflattering,12,39146,2.76
volga,5,39157,2.76
worthing,8,39169,2.76
angrier,7,39186,2.75
atx,3,39197,2.75
beaters,7,39209,2.75
breadcrumbs,11,39222,2.75
cacti,5,39232,2.75
chaperone,9,39244,2.75
concomitant,11,39255,2.75
crunches,8,39265,2.75
decompose,9,39280,2.75
dingo,5,39292,2.75
dumbfounded,11,39303,2.75
erudite,7,39316,2.75
francophone,11,39328,2.75
growths,7,39339,2.75
henrique,8,39350,2.75
imparted,8,39361,2.75
jardin,6,39373,2.75
kingship,8,39385,2.75
lioness,7,39397,2.75
maastricht,10,39407,2.75
mattis,6,39419,2.75
minibus,7,39430,2.75
moveable,8,39440,2.75
nok,3,39456,2.75
osgood,6,39467,2.75
pim,3,39479,2.75
preterm,7,39491,2.75
pussycat,8,39503,2.75
rajesh,6,39514,2.75
reinvestment,12,39525,2.75
rifts,5,39536,2.75
scoffed,7,39547,2.75
sheba,5,39558,2.75
sleight,7,39569,2.75
spidey,6,39581,2.75
subtleties,10,39592,2.75
tattooing,9,39604,2.75
trickier,8,39617,2.75
untamed,7,39628,2.75
vor,3,39640,2.75
wmd,3,39650,2.75
abolitionist,12,39665,2.74
amicus,6,39677,2.74
ayer,4,39689,2.74
benchmarking,12,39700,2.74
bodega,6,39711,2.74
canola,6,39722,2.74
chutney,7,39735,2.74
compaq,6,39746,2.74
couldn,6,39757,2.74
defaced,7,39770,2.74
dominicans,10,39782,2.74
dur,3,39793,2.74
eugenie,7,39805,2.74
flirtation,10,39815,2.74
giulia,6,39828,2.74
hairdressers,12,39839,2.74
hutt,4,39852,2.74
insulator,9,39864,2.74
jovial,6,39876,2.74
kristy,6,39888,2.74
lonsdale,8,39901,2.74
mlp,3,39915,2.74
murakami,8,39925,2.74
nyx,3,39936,2.74
parapet,7,39948,2.74
phonograph,10,39958,2.74
pravda,6,39969,2.74
radeon,6,39981,2.74
redstone,8,39991,2.74
sacs,4,40005,2.74
shareholding,12,40017,2.74
splattered,10,40027,2.74
sturgis,7,40038,2.74
teenaged,8,40051,2.74
transcended,11,40061,2.74
vieira,6,40075,2.74
winless,7,40087,2.74
zonal,5,40097,2.74
alston,6,40111,2.73
arraigned,9,40125,2.73
bakes,5,40135,2.73
bicarbonate,11,40148,2.73
browned,7,40159,2.73
chancel,7,40170,2.73
contactless,11,40184,2.73
dabbled,7,40196,2.73
deva,4,40208,2.73
dockyard,8,40220,2.73
envied,6,40232,2.73
fillets,7,40242,2.73
freemasonry,11,40253,2.73
glo,3,40266,2.73
handlebars,10,40277,2.73
ichi,4,40289,2.73
italic,6,40301,2.73
khyber,6,40313,2.73
linebackers,11,40325,2.73
merited,7,40337,2.73
monetization,12,40347,2.73
nettles,7,40358,2.73
opts,4,40371,2.73
pds,3,40381,2.73
pled,4,40395,2.73
punctuality,11,40407,2.73
renoir,6,40417,2.73
salina,6,40428,2.73
shayne,6,40440,2.73
skyrocketing,12,40450,2.73
stiletto,8,40461,2.73
teardrop,8,40474,2.73
transphobic,11,40486,2.73
unsteady,8,40497,2.73
voluptuous,10,40509,2.73
worshipers,10,40522,2.73
acrobat,7,40540,2.72
amphibian,9,40552,2.72
assyria,7,40563,2.72
baguio,6,40575,2.72
bodybuilders,12,40586,2.72
buyback,7,40597,2.72
cfm,3,40610,2.72
conduits,8,40624,2.72
creamed,7,40635,2.72
deleterious,11,40647,2.72
disproved,9,40660,2.72
durga,5,40670,2.72
emphysema,9,40681,2.72
faulted,7,40692,2.72
gabbana,7,40705,2.72
gra,3,40719,2.72
harrell,7,40730,2.72
humerus,7,40743,2.72
jabbar,6,40755,2.72
kiddies,7,40767,2.72
leaching,8,40778,2.72
mahmood,7,40789,2.72
militancy,9,40799,2.72
nhtsa,5,40812,2.72
orgs,4,40823,2.72
phelan,6,40833,2.72
pretrial,8,40846,2.72
quarrying,9,40859,2.72
relevancy,9,40873,2.72
sabina,6,40884,2.72
slytherin,9,40895,2.72
stanzas,7,40905,2.72
systolic,8,40918,2.72
toasty,6,40929,2.72
unblock,7,40943,2.72
vicariously,11,40955,2.72
wav,3,40967,2.72
wristbands,10,40977,2.72
adjourn,7,40988,2.71
arf,3,41000,2.71
befall,6,41010,2.71
bloodlines,10,41022,2.71
cana,4,41034,2.71
choctaw,7,41045,2.71
compressing,11,41058,2.71
curveball,9,41070,2.71
dictation,9,41082,2.71
dua,3,41094,2.71
ene,3,41105,2.71
evs,3,41117,2.71
fluctuates,10,41129,2.71
futsal,6,41140,2.71
gonorrhea,9,41151,2.71
haden,5,41162,2.71
himalaya,8,41175,2.71
icao,4,41186,2.71
jayson,6,41203,2.71
klm,3,41216,2.71
lightbulb,9,41228,2.71
masterson,9,41242,2.71
mitts,5,41254,2.71
mrsa,4,41266,2.71
normans,7,41279,2.71
origination,11,41290,2.71
patriarchs,10,41302,2.71
polyps,6,41313,2.71
rabin,5,41328,2.71
recede,6,41339,2.71
rhs,3,41352,2.71
sandalwood,10,41365,2.71
sequins,7,41375,2.71
stade,5,41387,2.71
subtracted,10,41398,2.71
taos,4,41409,2.71
thawed,6,41422,2.71
towson,6,41434,2.71
unafraid,8,41444,2.71
vcs,3,41460,2.71
whoopi,6,41471,2.71
yeezy,5,41481,2.71
allude,6,41500,2.7
arginine,8,41511,2.7
balmy,5,41521,2.7
bloodhound,10,41532,2.7
carnation,9,41543,2.7
chronicler,10,41555,2.7
cortana,7,41570,2.7
curzon,6,41582,2.7
dif,3,41594,2.7
echelons,8,41605,2.7
evictions,9,41616,2.7
flippers,8,41628,2.7
giroux,6,41641,2.7
gratefully,10,41654,2.7
harshest,8,41664,2.7
hollyoaks,9,41676,2.7
impediments,11,41687,2.7
interviewee,11,41700,2.7
jquery,6,41712,2.7
kwang,5,41722,2.7
lennie,6,41735,2.7
majorly,7,41749,2.7
mcrae,5,41759,2.7
monomer,7,41771,2.7
nightmarish,11,41784,2.7
overlords,9,41796,2.7
persisting,10,41807,2.7
prot,4,41827,2.7
rayner,6,41838,2.7
ricciardo,9,41849,2.7
royally,7,41861,2.7
scoliosis,9,41872,2.7
silurian,8,41883,2.7
sorcerers,9,41894,2.7
thwarting,9,41904,2.7
trolleys,8,41915,2.7
uninspired,10,41926,2.7
vag,3,41938,2.7
wiretapping,11,41953,2.7
aberrant,8,41971,2.69
ageless,7,41983,2.69
anarcho,7,41995,2.69
asymptotic,10,42007,2.69
batmobile,9,42019,2.69
bloodless,9,42032,2.69
cackling,8,42043,2.69
cdm,3,42053,2.69
coagulation,11,42065,2.69
dalrymple,9,42080,2.69
dialectic,9,42091,2.69
dominos,7,42105,2.69
equalization,12,42119,2.69
feliz,5,42130,2.69
frs,3,42143,2.69
globular,8,42157,2.69
hanuman,7,42169,2.69
holley,6,42182,2.69
ibid,4,42193,2.69
infographics,12,42203,2.69
jiggle,6,42216,2.69
knick,5,42227,2.69
lettered,8,42237,2.69
macular,7,42250,2.69
mazes,5,42261,2.69
miku,4,42271,2.69
moraine,7,42283,2.69
navas,5,42294,2.69
ogle,4,42304,2.69
overreacted,11,42315,2.69
pattaya,7,42326,2.69
phoenician,10,42337,2.69
profitably,10,42349,2.69
rasheed,7,42361,2.69
repeatable,10,42372,2.69
rivet,5,42384,2.69
scalability,11,42397,2.69
skippy,6,42409,2.69
squalor,7,42420,2.69
sunnyvale,9,42433,2.69
tami,4,42444,2.69
torchwood,9,42455,2.69
underlining,11,42468,2.69
vardy,5,42478,2.69
wiretap,7,42490,2.69
zhen,4,42502,2.69
airtel,6,42515,2.68
arlo,4,42526,2.68
baluchistan,11,42540,2.68
bmp,3,42550,2.68
bundling,8,42561,2.68
cataloging,10,42572,2.68
commissar,9,42583,2.68
debunk,6,42594,2.68
dialectical,11,42605,2.68
ducky,5,42615,2.68
encoder,7,42627,2.68
fearlessly,10,42638,2.68
fortuitous,10,42648,2.68
gaff,4,42659,2.68
gluttony,8,42669,2.68
grope,5,42680,2.68
headteacher,11,42692,2.68
hus,3,42702,2.68
invulnerable,12,42714,2.68
kickass,7,42728,2.68
laudable,8,42740,2.68
lowery,6,42753,2.68
marist,6,42765,2.68
midlothian,10,42775,2.68
neva,4,42790,2.68
ordinating,10,42801,2.68
pasco,5,42811,2.68
plagiarized,11,42822,2.68
prez,4,42834,2.68
raine,5,42846,2.68
relativism,10,42858,2.68
rina,4,42871,2.68
sasquatch,9,42881,2.68
shins,5,42893,2.68
sligo,5,42905,2.68
sprawled,8,42915,2.68
suki,4,42926,2.68
tats,4,42937,2.68
throb,5,42948,2.68
transitory,10,42959,2.68
underlies,9,42971,2.68
vasco,5,42981,2.68
weaned,6,42992,2.68
zahra,5,43003,2.68
agitating,9,43017,2.67
apaches,7,43028,2.67
azam,4,43040,2.67
bede,4,43050,2.67
bissau,6,43061,2.67
cartography,11,43074,2.67
collapsible,11,43086,2.67
ctc,3,43100,2.67
dimmer,6,43111,2.67
dulce,5,43122,2.67
embodying,9,43134,2.67
exhumed,7,43146,2.67
ftl,3,43159,2.67
gouging,7,43172,2.67
haworth,7,43183,2.67
hoshi,5,43193,2.67
indenture,9,43205,2.67
jogger,6,43217,2.67
kingman,7,43227,2.67
lichfield,9,43238,2.67
mang,4,43250,2.67
mervyn,6,43260,2.67
munroe,6,43271,2.67
nta,3,43286,2.67
outsmart,8,43297,2.67
pessimist,9,43309,2.67
pronounces,10,43322,2.67
redirecting,11,43332,2.67
resellers,9,43343,2.67
rtc,3,43355,2.67
seminaries,10,43365,2.67
slugging,8,43376,2.67
stayin,6,43389,2.67
surmise,7,43399,2.67
tentacle,8,43410,2.67
tmp,3,43422,2.67
triumphantly,12,43432,2.67
undercurrent,12,43446,2.67
vesuvius,8,43458,2.67
wiggles,7,43469,2.67
zeno,4,43481,2.67
airbrush,8,43498,2.66
apocryphal,10,43508,2.66
bathhouse,9,43520,2.66
biweekly,8,43531,2.66
brags,5,43542,2.66
capillaries,11,43555,2.66
cin,3,43567,2.66
cormier,7,43579,2.66
dalmatian,9,43591,2.66
distillers,10,43607,2.66
ectopic,7,43618,2.66
equivalency,11,43629,2.66
fess,4,43640,2.66
fossilized,10,43651,2.66
gargantuan,10,43663,2.66
goverment,9,43673,2.66
hangings,8,43684,2.66
hoppy,5,43695,2.66
infanticide,11,43707,2.66
intercity,9,43720,2.66
johnstown,9,43731,2.66
kunming,7,43743,2.66
lepage,6,43754,2.66
lustful,7,43765,2.66
maxime,6,43777,2.66
milt,4,43788,2.66
nabil,5,43801,2.66
nui,3,43812,2.66
parkin,6,43826,2.66
perthshire,10,43838,2.66
pino,4,43848,2.66
puffin,6,43862,2.66
redline,7,43873,2.66
rhone,5,43883,2.66
salivary,8,43894,2.66
scotts,6,43905,2.66
shrieks,7,43916,2.66
soames,6,43927,2.66
stc,3,43938,2.66
swipes,6,43948,2.66
thinkpad,8,43960,2.66
tritium,7,43974,2.66
udall,5,43984,2.66
urbanisation,12,43996,2.66
vou,3,44008,2.66
whipple,7,44018,2.66
abkhazia,8,44035,2.65
akhtar,6,44047,2.65
americano,9,44057,2.65
auden,5,44069,2.65
bastions,8,44081,2.65
boniface,8,44092,2.65
bypasses,8,44103,2.65
chimed,6,44116,2.65
collectable,11,44127,2.65
couplings,9,44139,2.65
darmstadt,9,44150,2.65
devalue,7,44161,2.65
doorknob,8,44172,2.65
envisions,9,44184,2.65
fallujah,8,44195,2.65
flasks,6,44207,2.65
gautam,6,44218,2.65
gloating,8,44228,2.65
guardia,7,44239,2.65
heaping,7,44251,2.65
hoya,4,44262,2.65
jamboree,8,44278,2.65
kasey,5,44291,2.65
lewinsky,8,44305,2.65
macclesfield,12,44316,2.65
mcclintock,10,44330,2.65
mindsets,8,44341,2.65
munn,4,44356,2.65
nisha,5,44370,2.65
oldie,5,44382,2.65
pampering,9,44393,2.65
pillsbury,9,44404,2.65
predefined,10,44414,2.65
raffaele,8,44431,2.65
recursion,9,44443,2.65
resents,7,44454,2.65
rubbers,7,44465,2.65
screamer,8,44476,2.65
shoestring,10,44486,2.65
speculates,10,44497,2.65
straights,9,44509,2.65
symbolizing,11,44520,2.65
tinsel,6,44531,2.65
uninjured,9,44547,2.65
variances,9,44557,2.65
wedgwood,8,44570,2.65
abhor,5,44591,2.64
agitate,7,44602,2.64
antimatter,10,44614,2.64
automaker,9,44625,2.64
bankstown,9,44636,2.64
binance,7,44648,2.64
broadcasted,11,44659,2.64
cataclysm,9,44673,2.64
chiba,5,44684,2.64
coldness,8,44695,2.64
cosmetology,11,44710,2.64
damm,4,44723,2.64
desecrated,10,44734,2.64
dominatrix,10,44746,2.64
embiid,6,44758,2.64
extruded,8,44770,2.64
fido,4,44781,2.64
freelancing,11,44795,2.64
generics,8,44806,2.64
gratuity,8,44818,2.64
harkness,8,44830,2.64
hertford,8,44840,2.64
hustled,7,44851,2.64
inebriated,10,44864,2.64
jpn,3,44876,2.64
kingsbury,9,44888,2.64
lhc,3,44900,2.64
lucan,5,44911,2.64
mangroves,9,44923,2.64
mfs,3,44935,2.64
mossy,5,44946,2.64
neel,4,44958,2.64
ohms,4,44971,2.64
outgrowth,9,44981,2.64
peeked,6,44994,2.64
positron,8,45010,2.64
quarts,6,45021,2.64
recuperation,12,45033,2.64
repute,6,45047,2.64
roseville,9,45057,2.64
scruples,8,45072,2.64
shortfalls,10,45083,2.64
soriano,7,45093,2.64
subsides,8,45105,2.64
tangy,5,45116,2.64
tithes,6,45126,2.64
ulcerative,10,45139,2.64
upriver,7,45150,2.64
vuelta,6,45160,2.64
winder,6,45173,2.64
aberrations,11,45187,2.63
allergen,8,45197,2.63
aqsa,4,45208,2.63
barreled,8,45219,2.63
biloxi,6,45230,2.63
brienne,7,45243,2.63
carew,5,45255,2.63
chillies,8,45269,2.63
clowning,8,45280,2.63
coped,5,45291,2.63
crispin,7,45301,2.63
cyrillic,8,45313,2.63
digi,4,45327,2.63
dorman,6,45339,2.63
efi,3,45351,2.63
etudes,6,45362,2.63
flacco,6,45373,2.63
fume,4,45384,2.63
ghg,3,45396,2.63
gremlin,7,45408,2.63
hedley,6,45420,2.63
homily,6,45432,2.63
iff,3,45443,2.63
jeanine,7,45457,2.63
keepsake,8,45469,2.63
laplace,7,45480,2.63
ltr,3,45492,2.63
malabar,7,45503,2.63
mfw,3,45513,2.63
mote,4,45526,2.63
neglects,8,45537,2.63
novi,4,45547,2.63
opi,3,45558,2.63
papier,6,45569,2.63
persevered,10,45581,2.63
poppers,7,45595,2.63
purvis,6,45607,2.63
rebooting,9,45619,2.63
roberson,8,45633,2.63
satirist,8,45645,2.63
silesia,7,45657,2.63
sorrento,8,45669,2.63
strasburg,9,45680,2.63
tantra,6,45691,2.63
tinto,5,45703,2.63
tsang,5,45714,2.63
universalist,12,45725,2.63
virology,8,45736,2.63
whalers,7,45746,2.63
zona,4,45758,2.63
alcove,6,45777,2.62
assyrians,9,45791,2.62
baratheon,9,45803,2.62
blurted,7,45816,2.62
bromance,8,45826,2.62
centrality,10,45837,2.62
coastlines,10,45849,2.62
contrition,10,45859,2.62
cushioned,9,45871,2.62
diesels,7,45882,2.62
dongle,6,45892,2.62
elissa,6,45904,2.62
expos,5,45915,2.62
feigning,8,45925,2.62
garlands,8,45936,2.62
goldeneye,9,45947,2.62
groupies,8,45958,2.62
hematology,10,45972,2.62
iata,4,45985,2.62
ionized,7,45997,2.62
joann,5,46008,2.62
langton,7,46020,2.62
loam,4,46031,2.62
malin,5,46043,2.62
mcauliffe,9,46055,2.62
mimicked,8,46067,2.62
moria,5,46078,2.62
noyes,5,46091,2.62
passaic,7,46101,2.62
pocock,6,46112,2.62
quips,5,46127,2.62
redlands,8,46138,2.62
revisionism,11,46149,2.62
sasaki,6,46160,2.62
shauna,6,46173,2.62
snarl,5,46184,2.62
storefronts,11,46196,2.62
swe,3,46206,2.62
thani,5,46217,2.62
tutsi,5,46230,2.62
undertone,9,46240,2.62
vel,3,46252,2.62
whet,4,46265,2.62
yamaguchi,9,46276,2.62
albus,5,46293,2.61
antler,6,46305,2.61
arranger,8,46316,2.61
baraka,6,46328,2.61
blatt,5,46340,2.61
brezhnev,8,46350,2.61
carnations,10,46362,2.61
chibi,5,46374,2.61
commandeered,12,46386,2.61
crewmen,7,46403,2.61
deductibles,11,46414,2.61
diuretic,8,46424,2.61
eckert,6,46436,2.61
expediency,10,46452,2.61
fiennes,7,46463,2.61
gangbang,8,46476,2.61
godot,5,46487,2.61
gwinnett,8,46498,2.61
hanzo,5,46509,2.61
hoss,4,46520,2.61
husks,5,46530,2.61
indemnify,9,46543,2.61
jackals,7,46553,2.61
kerb,4,46571,2.61
lanham,6,46582,2.61
lutherans,9,46593,2.61
marshawn,8,46606,2.61
mfc,3,46618,2.61
miro,4,46628,2.61
multicolored,12,46641,2.61
nics,4,46654,2.61
obverse,7,46665,2.61
palatial,8,46676,2.61
pepsico,7,46687,2.61
placental,9,46699,2.61
pujols,6,46711,2.61
recharged,9,46723,2.61
resistive,9,46734,2.61
salamanders,11,46752,2.61
seacrest,8,46763,2.61
shopify,7,46773,2.61
sono,4,46784,2.61
strumming,9,46796,2.61
tash,4,46806,2.61
tillerson,9,46817,2.61
ttp,3,46828,2.61
ural,4,46839,2.61
washable,8,46851,2.61
wierd,5,46863,2.61
wrenches,8,46874,2.61
adulation,9,46891,2.6
amusements,10,46904,2.6
asunder,7,46915,2.6
bimonthly,9,46930,2.6
boers,5,46941,2.6
brutes,6,46951,2.6
cached,6,46963,2.6
chiara,6,46976,2.6
clumsily,8,46986,2.6
crassus,7,46997,2.6
decoys,6,47009,2.6
discordant,10,47019,2.6
dwp,3,47031,2.6
estimations,11,47044,2.6
fatherly,8,47055,2.6
garfunkel,9,47067,2.6
gulfstream,10,47079,2.6
heathcote,9,47091,2.6
hsi,3,47104,2.6
indisputably,12,47117,2.6
jasmin,6,47130,2.6
kneels,6,47145,2.6
levis,5,47157,2.6
lsat,4,47168,2.6
mandeville,10,47179,2.6
mercado,7,47190,2.6
misstep,7,47201,2.6
mummified,9,47212,2.6
newington,9,47223,2.6
optimise,8,47235,2.6
paribas,7,47246,2.6
piglets,7,47258,2.6
polypeptide,11,47268,2.6
quacks,6,47280,2.6
reconnecting,12,47291,2.6
restocking,10,47303,2.6
saladin,7,47316,2.6
shania,6,47328,2.6
snobs,5,47339,2.6
stockwell,9,47352,2.6
swooping,8,47365,2.6
telus,5,47376,2.6
tonk,4,47387,2.6
uwu,3,47399,2.6
vix,3,47410,2.6
wicca,5,47421,2.6
zander,6,47434,2.6
acoustical,10,47449,2.59
alway,5,47460,2.59
artichokes,10,47472,2.59
banc,4,47484,2.59
blackfish,9,47495,2.59
brownstone,10,47506,2.59
calcareous,10,47516,2.59
chalets,7,47528,2.59
confidante,10,47542,2.59
cutlass,7,47554,2.59
dejan,5,47566,2.59
devereux,8,47578,2.59
dozing,6,47590,2.59
emigrating,10,47602,2.59
exterminator,12,47613,2.59
fibula,6,47625,2.59
galt,4,47637,2.59
ghanaians,9,47647,2.59
gratified,9,47658,2.59
hedonism,8,47671,2.59
inequity,8,47686,2.59
irishmen,8,47697,2.59
juana,5,47710,2.59
laboring,8,47721,2.59
locum,5,47732,2.59
marburg,7,47745,2.59
memorization,12,47757,2.59
montreux,8,47770,2.59
mythbusters,11,47782,2.59
newsflash,9,47793,2.59
ors,3,47807,2.59
peake,5,47819,2.59
playmates,9,47830,2.59
printout,8,47843,2.59
purist,6,47854,2.59
resurrecting,12,47867,2.59
rumblings,9,47881,2.59
scurry,6,47893,2.59
shaper,6,47903,2.59
snide,5,47914,2.59
squeaking,9,47925,2.59
stopwatch,9,47935,2.59
synchro,7,47948,2.59
theism,6,47959,2.59
tracers,7,47969,2.59
ullman,6,47982,2.59
usurper,7,47996,2.59
waikato,7,48008,2.59
wojciech,8,48019,2.59
aaliyah,7,48036,2.58
afa,3,48046,2.58
anchovy,7,48057,2.58
aryans,6,48069,2.58
batons,6,48079,2.58
blobs,5,48091,2.58
bsn,3,48102,2.58
cannery,7,48114,2.58
cavill,6,48126,2.58
cheri,5,48137,2.58
comming,7,48149,2.58
cortland,8,48160,2.58
daniele,7,48172,2.58
depaul,6,48182,2.58
dogfight,8,48197,2.58
dumbasses,9,48208,2.58
eucharistic,11,48223,2.58
fistful,7,48236,2.58
gba,3,48250,2.58
greenbrier,10,48260,2.58
headspace,9,48271,2.58
hobbled,7,48282,2.58
injurious,9,48292,2.58
jura,4,48303,2.58
larue,5,48316,2.58
lettres,7,48326,2.58
magnetized,10,48338,2.58
melodious,9,48350,2.58
mistral,7,48360,2.58
naivety,7,48372,2.58
northwood,9,48384,2.58
onondaga,8,48395,2.58
penitent,8,48407,2.58
poco,4,48418,2.58
prosser,7,48429,2.58
rampaging,9,48441,2.58
residencies,11,48453,2.58
sacramental,11,48465,2.58
shittiest,9,48477,2.58
snowboarders,12,48488,2.58
spanner,7,48499,2.58
stormtrooper,12,48511,2.58
tannehill,9,48521,2.58
tornados,8,48533,2.58
vagueness,9,48547,2.58
waded,5,48558,2.58
zain,4,48570,2.58
albury,6,48585,2.57
arora,5,48596,2.57
basf,4,48607,2.57
biggar,6,48618,2.57
bookish,7,48629,2.57
buller,6,48640,2.57
cashman,7,48653,2.57
codenamed,9,48664,2.57
coppers,7,48676,2.57
csx,3,48688,2.57
derangement,11,48698,2.57
doubleheader,12,48710,2.57
elks,4,48721,2.57
expansionist,12,48734,2.57
fleck,5,48748,2.57
gaffer,6,48759,2.57
geoscience,10,48769,2.57
gravitas,8,48780,2.57
harrods,7,48792,2.57
hobbyist,8,48803,2.57
inadequacies,12,48814,2.57
intersected,11,48826,2.57
jessi,5,48839,2.57
kno,3,48851,2.57
lieut,5,48863,2.57
lumens,6,48873,2.57
marksmanship,12,48885,2.57
metastases,10,48896,2.57
mose,4,48908,2.57
neurosis,8,48919,2.57
nss,3,48931,2.57
olsson,6,48942,2.57
palos,5,48954,2.57
pester,6,48966,2.57
ponders,7,48977,2.57
pyke,4,48989,2.57
recreations,11,49002,2.57
resonating,10,49012,2.57
rudyard,7,49023,2.57
scipio,6,49035,2.57
shootin,7,49045,2.57
snuffed,7,49056,2.57
stansted,8,49069,2.57
svalbard,8,49080,2.57
testaments,10,49092,2.57
torturous,9,49103,2.57
ufa,3,49115,2.57
vaca,4,49130,2.57
waterlogged,11,49142,2.57
yalta,5,49152,2.57
acb,3,49170,2.56
althea,6,49181,2.56
artem,5,49191,2.56
barksdale,9,49202,2.56
berating,8,49214,2.56
bossing,7,49225,2.56
cala,4,49240,2.56
chewie,6,49251,2.56
cotswold,8,49265,2.56
cyborgs,7,49277,2.56
detested,8,49289,2.56
domiciled,9,49299,2.56
ello,4,49311,2.56
extenuating,11,49324,2.56
fissile,7,49335,2.56
gabriele,8,49347,2.56
giuliano,8,49358,2.56
grenadines,10,49368,2.56
harmoniously,12,49379,2.56
hermetic,8,49390,2.56
hoopla,6,49402,2.56
immigrating,11,49416,2.56
irrationally,12,49430,2.56
kaylee,6,49442,2.56
latching,8,49456,2.56
lotr,4,49469,2.56
marne,5,49480,2.56
metacritic,10,49492,2.56
mmp,3,49503,2.56
myrrh,5,49515,2.56
nominates,9,49527,2.56
parsonage,9,49537,2.56
phenolic,8,49549,2.56
poppa,5,49561,2.56
pushups,7,49573,2.56
refreshes,9,49585,2.56
rinks,5,49597,2.56
sajid,5,49610,2.56
sdp,3,49622,2.56
shoelaces,9,49633,2.56
spca,4,49644,2.56
suds,4,49655,2.56
tastefully,10,49666,2.56
treasurers,10,49677,2.56
underpass,9,49691,2.56
uyghur,6,49702,2.56
wakeup,6,49713,2.56
wilhelmina,10,49724,2.56
zenit,5,49738,2.56
alc,3,49757,2.55
attache,7,49768,2.55
bby,3,49780,2.55
biltmore,8,49792,2.55
brunettes,9,49805,2.55
cathcart,8,49817,2.55
ciel,4,49827,2.55
contemptible,12,49841,2.55
cubby,5,49853,2.55
dereliction,11,49868,2.55
dotcom,6,49879,2.55
eft,3,49891,2.55
eroticism,9,49903,2.55
faulting,8,49915,2.55
fpl,3,49926,2.55
gameboy,7,49937,2.55
goldschmidt,11,49948,2.55
gyroscope,9,49960,2.55
hellman,7,49973,2.55
holier,6,49985,2.55
ilan,4,49996,2.55
janes,5,50013,2.55
ket,3,50025,2.55
lathrop,7,50036,2.55
linearity,9,50047,2.55
marche,6,50060,2.55
midsize,7,50071,2.55
morrisons,9,50081,2.55
nbcuniversal,12,50092,2.55
newsome,7,50105,2.55
nosey,5,50116,2.55
overfishing,11,50133,2.55
peds,4,50146,2.55
playfulness,11,50156,2.55
publics,7,50167,2.55
rasmus,6,50179,2.55
repossessed,11,50191,2.55
romancing,9,50204,2.55
seder,5,50215,2.55
shel,4,50225,2.55
slumping,8,50237,2.55
stickler,8,50248,2.55
swathes,7,50260,2.55
timeouts,8,50273,2.55
troubleshoot,12,50285,2.55
uninspiring,11,50297,2.55
ves,3,50308,2.55
wilding,7,50321,2.55
adeline,7,50339,2.54
ambushes,8,50352,2.54
autobots,8,50365,2.54
bashful,7,50375,2.54
bibby,5,50386,2.54
bosque,6,50397,2.54
burnie,6,50408,2.54
categorizing,12,50419,2.54
collieries,10,50432,2.54
cortisone,9,50442,2.54
curlers,7,50454,2.54
dera,4,50465,2.54
domo,4,50476,2.54
einer,5,50489,2.54
exc,3,50499,2.54
fining,6,50513,2.54
funder,6,50524,2.54
glitters,8,50535,2.54
grouper,7,50546,2.54
hau,3,50557,2.54
herron,6,50567,2.54
hovercraft,10,50578,2.54
incineration,12,50590,2.54
irises,6,50602,2.54
joseon,6,50617,2.54
klara,5,50628,2.54
leche,5,50640,2.54
manoeuvring,11,50652,2.54
metalworking,12,50663,2.54
mizuno,6,50674,2.54
multimodal,10,50686,2.54
noggin,6,50701,2.54
pais,4,50712,2.54
plover,6,50724,2.54
precariously,12,50735,2.54
pss,3,50747,2.54
reacher,7,50761,2.54
rhymed,6,50773,2.54
salerno,7,50784,2.54
selflessly,10,50795,2.54
snuggles,8,50807,2.54
squabbles,9,50817,2.54
systemically,12,50828,2.54
thereupon,9,50839,2.54
tourniquet,10,50849,2.54
turnkey,7,50861,2.54
unquestioned,12,50876,2.54
vestige,7,50886,2.54
williamsport,12,50898,2.54
zeitschrift,11,50910,2.54
amalfi,6,50930,2.53
artagnan,8,50942,2.53
balked,6,50955,2.53
bellowing,9,50966,2.53
bhakti,6,50977,2.53
blume,5,50988,2.53
bre,3,50999,2.53
caries,6,51012,2.53
cng,3,51024,2.53
cornfield,9,51035,2.53
cuneiform,9,51050,2.53
dimaggio,8,51062,2.53
dozed,5,51074,2.53
elspeth,7,51085,2.53
eukaryotes,10,51097,2.53
feyenoord,9,51111,2.53
frc,3,51122,2.53
georgiana,9,51136,2.53
gripes,6,51146,2.53
hassles,7,51157,2.53
hypersonic,10,51169,2.53
inducement,10,51179,2.53
kalyan,6,51195,2.53
kwazulu,7,51206,2.53
letitia,7,51216,2.53
macklin,7,51229,2.53
meekly,6,51241,2.53
minton,6,51252,2.53
motorised,9,51264,2.53
nid,3,51277,2.53
obscenities,11,51287,2.53
paa,3,51300,2.53
pervades,8,51311,2.53
preteen,7,51324,2.53
queso,5,51339,2.53
redgrave,8,51351,2.53
ribbing,7,51361,2.53
rosin,5,51373,2.53
sharpener,9,51385,2.53
sio,3,51395,2.53
spacers,7,51406,2.53
sternberg,9,51418,2.53
synch,5,51430,2.53
teriyaki,8,51441,2.53
toomey,6,51452,2.53
tugboat,7,51464,2.53
urals,5,51479,2.53
vil,3,51489,2.53
webinars,8,51502,2.53
yarrow,6,51513,2.53
acharya,7,51526,2.52
apertures,9,51538,2.52
atpase,6,51549,2.52
beatriz,7,51561,2.52
bolden,6,51574,2.52
bricklayer,10,51585,2.52
carmarthen,10,51597,2.52
ciphers,7,51611,2.52
consummation,12,51627,2.52
cringey,7,51638,2.52
deepika,7,51651,2.52
doric,5,51665,2.52
dyin,4,51675,2.52
ert,3,51688,2.52
fazio,5,51700,2.52
frontlines,10,51711,2.52
ghosting,8,51724,2.52
gravitated,10,51735,2.52
haruka,6,51745,2.52
hss,3,51758,2.52
incubus,7,51770,2.52
ismael,6,51781,2.52
juicer,6,51794,2.52
kunst,5,51806,2.52
leong,5,51819,2.52
lordy,5,51830,2.52
masochistic,11,51844,2.52
montes,6,51856,2.52
neoplasms,9,51872,2.52
obasanjo,8,51884,2.52
overgrowth,10,51895,2.52
pawtucket,9,51907,2.52
pld,3,51921,2.52
progenitors,11,51931,2.52
raze,4,51944,2.52
rns,3,51958,2.52
ruthlessness,12,51968,2.52
scuffed,7,51981,2.52
sidings,7,51993,2.52
slumps,6,52003,2.52
spurring,8,52017,2.52
survivalist,11,52031,2.52
terminations,12,52042,2.52
toons,5,52053,2.52
turnoff,7,52065,2.52
utensil,7,52078,2.52
vittoria,8,52090,2.52
wilco,5,52102,2.52
yasir,5,52112,2.52
acrobats,8,52129,2.51
analyzers,9,52141,2.51
arbitrators,11,52153,2.51
bains,5,52166,2.51
beheld,6,52177,2.51
bodhisattva,11,52188,2.51
bukowski,8,52199,2.51
chattel,7,52214,2.51
coburg,6,52225,2.51
constraining,12,52236,2.51
criminalized,12,52248,2.51
deejay,6,52259,2.51
disbelieve,10,52272,2.51
droop,5,52283,2.51
encapsulate,11,52295,2.51
facetious,9,52307,2.51
fma,3,52320,2.51
frankish,8,52330,2.51
gchq,4,52343,2.51
governorate,11,52354,2.51
hannigan,8,52366,2.51
hitchhiker,10,52379,2.51
hydrophilic,11,52392,2.51
insinuation,11,52404,2.51
iud,3,52418,2.51
katharina,9,52428,2.51
kotaku,6,52440,2.51
legwork,7,52451,2.51
lightyear,9,52461,2.51
macedon,7,52472,2.51
mcginnis,8,52484,2.51
mischa,6,52494,2.51
mops,4,52506,2.51
niacin,6,52519,2.51
nussbaum,8,52529,2.51
palisade,8,52541,2.51
pickford,8,52552,2.51
ppb,3,52563,2.51
pyrex,5,52577,2.51
rectifier,9,52589,2.51
righting,8,52600,2.51
scavenge,8,52615,2.51
shied,5,52626,2.51
soledad,7,52636,2.51
stephane,8,52648,2.51
swaraj,6,52659,2.51
terns,5,52670,2.51
travail,7,52684,2.51
unfavorably,11,52697,2.51
veronika,8,52708,2.51
whitlam,7,52720,2.51
yano,4,52731,2.51
ableton,7,52751,2.5
alchemical,10,52764,2.5
aor,3,52775,2.5
averting,8,52787,2.5
barony,6,52799,2.5
blogpost,8,52810,2.5
braiding,8,52821,2.5
buttercream,11,52832,2.5
ccr,3,52846,2.5
chicagoland,11,52856,2.5
coot,4,52870,2.5
delegating,10,52883,2.5
disbursed,9,52895,2.5
droit,5,52907,2.5
ehud,4,52918,2.5
enhancers,9,52929,2.5
farrington,10,52940,2.5
footman,7,52952,2.5
getup,5,52962,2.5
hackensack,10,52974,2.5
havelock,8,52986,2.5
hippocrates,11,52996,2.5
hundley,7,53007,2.5
infusing,8,53018,2.5
jacquard,8,53032,2.5
kamil,5,53043,2.5
kogan,5,53054,2.5
leda,4,53065,2.5
longford,8,53076,2.5
mansell,7,53088,2.5
merrimack,9,53098,2.5
monopolistic,12,53110,2.5
murfreesboro,12,53123,2.5
niamh,5,53133,2.5
numismatic,10,53144,2.5
pbl,3,53157,2.5
pickin,6,53167,2.5
preform,7,53179,2.5
quora,5,53194,2.5
rejoices,8,53207,2.5
rrna,4,53219,2.5
seahorse,8,53231,2.5
sharman,7,53243,2.5
skeeter,7,53255,2.5
snowdonia,9,53266,2.5
starships,9,53279,2.5
taxon,5,53290,2.5
thunderclap,11,53301,2.5
trowbridge,10,53311,2.5
unsuited,8,53323,2.5
whi,3,53337,2.5
yunus,5,53349,2.5
akon,4,53364,2.49
aplenty,7,53375,2.49
baddie,6,53388,2.49
betrothal,9,53400,2.49
bolin,5,53410,2.49
buzzwords,9,53422,2.49
chagall,7,53435,2.49
climes,6,53447,2.49
contessa,8,53460,2.49
cress,5,53471,2.49
damme,5,53482,2.49
dere,4,53493,2.49
dramatics,9,53506,2.49
embarkation,11,53516,2.49
exempts,7,53529,2.49
fifo,4,53541,2.49
foibles,7,53552,2.49
furtive,7,53563,2.49
gimbal,6,53575,2.49
gynaecology,11,53586,2.49
heresies,8,53598,2.49
hungrier,8,53610,2.49
inu,3,53623,2.49
juncker,7,53638,2.49
knockoff,8,53650,2.49
leverages,9,53660,2.49
lusts,5,53672,2.49
maxie,5,53686,2.49
mesenchymal,11,53696,2.49
mongers,7,53711,2.49
neigh,5,53726,2.49
obliges,7,53738,2.49
osmotic,7,53749,2.49
paki,4,53763,2.49
perrier,7,53773,2.49
popularised,11,53786,2.49
radek,5,53799,2.49
rending,7,53810,2.49
roadie,6,53821,2.49
sager,5,53834,2.49
segmental,9,53844,2.49
sjws,4,53856,2.49
spigot,6,53867,2.49
stavros,7,53877,2.49
subwoofer,9,53888,2.49
tahitian,8,53900,2.49
timbered,8,53911,2.49
tripling,8,53922,2.49
unrecorded,10,53935,2.49
warblers,8,53947,2.49
wuss,4,53959,2.49
acker,5,53981,2.48
aish,4,53992,2.48
andrzej,7,54004,2.48
archivists,10,54017,2.48
azeri,5,54028,2.48
belknap,7,54039,2.48
blurt,5,54050,2.48
bruna,5,54061,2.48
cavemen,7,54074,2.48
confection,10,54089,2.48
crossroad,9,54101,2.48
defcon,6,54113,2.48
distrusted,10,54125,2.48
dreyfuss,8,54136,2.48
electrolytic,12,54150,2.48
escondido,9,54162,2.48
feathering,10,54174,2.48
followings,10,54185,2.48
geochemistry,12,54198,2.48
gravestones,11,54209,2.48
halford,7,54221,2.48
hine,4,54234,2.48
idleness,8,54244,2.48
interwar,8,54258,2.48
joules,6,54271,2.48
kiir,4,54282,2.48
laroche,7,54296,2.48
lipo,4,54309,2.48
macgyver,8,54319,2.48
medicate,8,54330,2.48
mok,3,54343,2.48
niklas,6,54356,2.48
outwit,6,54369,2.48
pattie,6,54381,2.48
perera,6,54393,2.48
precambrian,11,54405,2.48
psilocybin,10,54416,2.48
receptacles,11,54429,2.48
richey,6,54441,2.48
saccharine,10,54453,2.48
schoolmates,11,54464,2.48
sexed,5,54476,2.48
shunted,7,54486,2.48
somersault,10,54498,2.48
streetcars,10,54510,2.48
tamale,6,54522,2.48
tove,4,54536,2.48
umpiring,8,54547,2.48
vickery,7,54557,2.48
wildness,8,54569,2.48
zacks,5,54582,2.48
adornment,9,54600,2.47
amplitudes,10,54611,2.47
arses,5,54622,2.47
badness,7,54634,2.47
biofilm,7,54646,2.47
broomstick,10,54657,2.47
camberwell,10,54669,2.47
cesaro,6,54681,2.47
classicism,10,54692,2.47
convicting,10,54705,2.47
crikey,6,54716,2.47
ddg,3,54727,2.47
diggin,6,54738,2.47
duffield,8,54749,2.47
ethers,6,54762,2.47
farouk,6,54773,2.47
frag,4,54784,2.47
gatling,7,54795,2.47
glided,6,54806,2.47
guwahati,8,54817,2.47
heme,4,54830,2.47
horta,5,54840,2.47
interlinked,11,54854,2.47
janko,5,54867,2.47
kayo,4,54881,2.47
lamentable,10,54892,2.47
letty,5,54903,2.47
loup,4,54913,2.47
mauser,6,54924,2.47
melding,7,54935,2.47
mohd,4,54946,2.47
muldoon,7,54957,2.47
nii,3,54970,2.47
oed,3,54981,2.47
orthopedics,11,54992,2.47
peaky,5,55005,2.47
pippen,6,55017,2.47
pounders,8,55028,2.47
quang,5,55041,2.47
remotes,7,55054,2.47
rhinestones,11,55065,2.47
runt,4,55076,2.47
seceded,7,55088,2.47
shinzo,6,55100,2.47
speculum,8,55112,2.47
sty,3,55123,2.47
suzi,4,55135,2.47
tippett,7,55149,2.47
tsh,3,55159,2.47
valeri,6,55172,2.47
vitreous,8,55183,2.47
xenia,5,55194,2.47
abstentions,11,55214,2.46
aliasing,8,55227,2.46
andalusian,10,55237,2.46
astroturf,9,55248,2.46
baristas,8,55261,2.46
bestowing,9,55274,2.46
boggles,7,55287,2.46
burlingame,10,55300,2.46
caswell,7,55310,2.46
chinaman,8,55324,2.46
collectivist,12,55335,2.46
coops,5,55347,2.46
crocus,6,55359,2.46
dcu,3,55371,2.46
dfl,3,55384,2.46
dostoyevsky,11,55397,2.46
ejector,7,55408,2.46
evi,3,55420,2.46
fila,4,55436,2.46
frequenting,11,55446,2.46
glial,5,55458,2.46
grigg,5,55470,2.46
hawkers,7,55483,2.46
hooke,5,55496,2.46
incentivize,11,55510,2.46
jalisco,7,55524,2.46
kokomo,6,55537,2.46
layed,5,55549,2.46
linc,4,55559,2.46
lowther,7,55570,2.46
marcin,6,55583,2.46
melba,5,55593,2.46
mulcahy,7,55605,2.46
nutcase,7,55619,2.46
parklands,9,55632,2.46
pirie,5,55646,2.46
praiseworthy,12,55659,2.46
quai,4,55669,2.46
rebukes,7,55681,2.46
ridings,7,55694,2.46
rtp,3,55706,2.46
saute,5,55718,2.46
shaqiri,7,55732,2.46
slicker,7,55742,2.46
soph,4,55753,2.46
springy,7,55764,2.46
stepbrother,11,55774,2.46
sym,3,55786,2.46
thoroughness,12,55802,2.46
tng,3,55812,2.46
trumpeting,10,55828,2.46
urbane,6,55840,2.46
waze,4,55851,2.46
wolfman,7,55863,2.46
zaragoza,8,55875,2.46
adorno,6,55891,2.45
allstars,8,55903,2.45
appreciably,11,55915,2.45
asterix,7,55926,2.45
barbarity,9,55939,2.45
birdcage,8,55953,2.45
blotches,8,55964,2.45
browner,7,55977,2.45
canteens,8,55991,2.45
cavite,6,56001,2.45
claudine,8,56014,2.45
contusion,9,56025,2.45
crosstown,9,56036,2.45
deflects,8,56050,2.45
deviance,8,56063,2.45
dnf,3,56075,2.45
ellwood,7,56087,2.45
erodes,6,56099,2.45
extroverted,11,56111,2.45
firenze,7,56123,2.45
fractals,8,56135,2.45
giffords,8,56146,2.45
guerin,6,56160,2.45
hersh,5,56172,2.45
housekeepers,12,56183,2.45
ilm,3,56195,2.45
jstor,5,56210,2.45
kiernan,7,56220,2.45
kray,4,56232,2.45
lexis,5,56244,2.45
longwood,8,56254,2.45
mantelpiece,11,56267,2.45
meerut,6,56279,2.45
minoan,6,56290,2.45
mutes,5,56304,2.45
nig,3,56317,2.45
ocarina,7,56331,2.45
overstating,11,56342,2.45
perc,4,56354,2.45
pindar,6,56367,2.45
presidencies,12,56379,2.45
quietness,9,56389,2.45
reprinting,10,56401,2.45
roadworks,9,56413,2.45
sdc,3,56423,2.45
shutouts,8,56436,2.45
smartwatches,12,56447,2.45
soothed,7,56457,2.45
strategize,10,56468,2.45
tantalum,8,56480,2.45
tmnt,4,56491,2.45
tweety,6,56503,2.45
vesper,6,56516,2.45
walford,7,56527,2.45
wollaston,9,56539,2.45
zirconium,9,56553,2.45
adani,5,56568,2.44
anesthetics,11,56580,2.44
assiduously,11,56592,2.44
barroso,7,56602,2.44
benjy,5,56613,2.44
bowdoin,7,56626,2.44
brokaw,6,56637,2.44
calving,7,56648,2.44
channelling,11,56659,2.44
cmi,3,56669,2.44
cosmonauts,10,56681,2.44
dansk,5,56695,2.44
descents,8,56705,2.44
dukakis,7,56716,2.44
emr,3,56728,2.44
eyepiece,8,56739,2.44
fop,3,56750,2.44
futbol,6,56761,2.44
getters,7,56772,2.44
gtp,3,56783,2.44
heaved,6,56798,2.44
honoree,7,56809,2.44
ikon,4,56820,2.44
jibe,4,56832,2.44
kikuyu,6,56844,2.44
lamina,6,56858,2.44
leftwing,8,56869,2.44
loyally,7,56880,2.44
mahayana,8,56893,2.44
megyn,5,56905,2.44
moca,4,56917,2.44
mungo,5,56929,2.44
olli,4,56945,2.44
overstepping,12,56958,2.44
permaculture,12,56971,2.44
poindexter,10,56984,2.44
purina,6,56995,2.44
raz,3,57008,2.44
revaluation,11,57021,2.44
rosales,7,57032,2.44
sandisk,7,57045,2.44
serums,6,57058,2.44
shylock,7,57070,2.44
socials,7,57083,2.44
sso,3,57094,2.44
strasser,8,57104,2.44
syncs,5,57116,2.44
tigre,5,57128,2.44
tupper,6,57140,2.44
vandalised,10,57154,2.44
wam,3,57166,2.44
winsor,6,57177,2.44
zakir,5,57188,2.44
afflict,7,57204,2.43
andriy,6,57214,2.43
ayo,3,57225,2.43
beetlejuice,11,57236,2.43
blanking,8,57248,2.43
brawler,7,57259,2.43
bushland,8,57270,2.43
causally,8,57282,2.43
circuitous,10,57293,2.43
costar,6,57308,2.43
cust,4,57318,2.43
deluca,6,57332,2.43
disillusion,11,57344,2.43
eardrum,7,57358,2.43
encyclical,10,57370,2.43
firma,5,57383,2.43
frum,4,57397,2.43
goggle,6,57409,2.43
hasegawa,8,57420,2.43
hieroglyphs,11,57431,2.43
huy,3,57443,2.43
inbetweeners,12,57454,2.43
isidore,7,57467,2.43
jessa,5,57478,2.43
kava,4,57489,2.43
kudo,4,57500,2.43
lbw,3,57511,2.43
litigate,8,57521,2.43
lysis,5,57534,2.43
malformation,12,57546,2.43
meso,4,57556,2.43
mooch,5,57569,2.43
muss,4,57580,2.43
neuman,6,57594,2.43
oca,3,57608,2.43
painterly,9,57619,2.43
perforations,12,57630,2.43
politique,9,57641,2.43
quando,6,57652,2.43
rcm,3,57665,2.43
ridgefield,10,57676,2.43
rrsp,4,57689,2.43
scatters,8,57699,2.43
silvester,9,57712,2.43
soundproof,10,57725,2.43
stimson,7,57736,2.43
sutras,6,57748,2.43
teeter,6,57761,2.43
tigray,6,57771,2.43
truant,6,57785,2.43
unblemished,11,57796,2.43
vulcans,7,57809,2.43
wks,3,57822,2.43
accutane,8,57838,2.42
ainsley,7,57848,2.42
aqueducts,9,57861,2.42
astrocytes,10,57872,2.42
banality,8,57882,2.42
bint,4,57893,2.42
boogers,7,57906,2.42
buzzes,6,57916,2.42
catriona,8,57928,2.42
claymore,8,57941,2.42
consecrate,10,57951,2.42
datta,5,57967,2.42
divisor,7,57979,2.42
eardrums,8,57992,2.42
enquiring,9,58003,2.42
faun,4,58018,2.42
fiore,5,58028,2.42
frito,5,58039,2.42
gish,4,58051,2.42
gustafsson,10,58061,2.42
hexadecimal,11,58074,2.42
hooliganism,11,58085,2.42
ibra,4,58096,2.42
invariance,10,58112,2.42
jinks,5,58124,2.42
khabib,6,58134,2.42
leptin,6,58146,2.42
lomas,5,58158,2.42
maersk,6,58170,2.42
maybach,7,58183,2.42
meridians,9,58196,2.42
moloch,6,58208,2.42
multicolor,10,58219,2.42
nestling,8,58232,2.42
oan,3,58246,2.42
outa,4,58258,2.42
pastrami,8,58269,2.42
pitta,5,58280,2.42
presale,7,58292,2.42
recant,6,58307,2.42
rightmove,9,58319,2.42
sandow,6,58334,2.42
scrapers,8,58345,2.42
sheepish,8,58357,2.42
slackers,8,58368,2.42
splintering,11,58378,2.42
studien,7,58390,2.42
tannery,7,58401,2.42
throughs,8,58412,2.42
trike,5,58424,2.42
uprights,8,58436,2.42
wardle,6,58453,2.42
wreaked,7,58464,2.42
abet,4,58486,2.41
aldean,6,58496,2.41
anteriorly,10,58507,2.41
asturias,8,58519,2.41
backless,8,58530,2.41
befits,6,58543,2.41
bnsf,4,58555,2.41
buccaneer,9,58566,2.41
campfires,9,58580,2.41
chaperones,10,58592,2.41
clotted,7,58602,2.41
coriolanus,10,58613,2.41
curbside,8,58624,2.41
dermis,6,58635,2.41
disruptor,9,58648,2.41
eliminator,10,58661,2.41
euronews,8,58673,2.41
faustus,7,58686,2.41
flayed,6,58697,2.41
freemium,8,58707,2.41
ghar,4,58718,2.41
gsd,3,58731,2.41
helpdesk,8,58741,2.41
hubei,5,58754,2.41
invective,9,58768,2.41
jammers,7,58778,2.41
keke,4,58792,2.41
lanceolate,10,58804,2.41
lpl,3,58815,2.41
mangalore,9,58829,2.41
menacingly,10,58841,2.41
mimosas,7,58852,2.41
monongahela,11,58864,2.41
nagle,5,58876,2.41
nmda,4,58887,2.41
onna,4,58901,2.41
pacey,5,58914,2.41
peduncle,8,58924,2.41
playset,7,58936,2.41
pru,3,58948,2.41
rambunctious,12,58958,2.41
reheated,8,58970,2.41
roundtrip,9,58983,2.41
sbr,3,58993,2.41
selfridges,10,59006,2.41
sierras,7,59017,2.41
smth,4,59027,2.41
spangler,8,59038,2.41
stressor,8,59051,2.41
svenska,7,59061,2.41
tenures,7,59072,2.41
treetops,8,59084,2.41
unforced,8,59094,2.41
viber,5,59106,2.41
whisking,8,59121,2.41
yazidis,7,59132,2.41
zuni,4,59144,2.41
adria,5,59170,2.4
almeria,7,59181,2.4
aphorisms,9,59194,2.4
atacama,7,59205,2.4
bathes,6,59215,2.4
bigtime,7,59227,2.4
bole,4,59239,2.4
bsl,3,59250,2.4
captcha,7,59263,2.4
cisterns,8,59275,2.4
compagnie,9,59287,2.4
corman,6,59299,2.4
cubist,6,59311,2.4
deadlier,8,59322,2.4
depositary,10,59334,2.4
diminution,10,59345,2.4
doren,5,59355,2.4
enlivened,9,59369,2.4
exportation,11,59379,2.4
fief,4,59393,2.4
fungicide,9,59407,2.4
giddens,7,59418,2.4
guizhou,7,59430,2.4
heriot,6,59445,2.4
howitzers,9,59455,2.4
inelastic,9,59466,2.4
junker,6,59477,2.4
ketosis,7,59487,2.4
landsat,7,59498,2.4
linseed,7,59511,2.4
mammograms,10,59523,2.4
mbt,3,59534,2.4
menorah,7,59546,2.4
mola,4,59557,2.4
naito,5,59570,2.4
oakdale,7,59582,2.4
oscilloscope,12,59592,2.4
partum,6,59604,2.4
perfecto,8,59618,2.4
podolski,8,59632,2.4
puncher,7,59646,2.4
rayne,5,59660,2.4
revd,4,59671,2.4
rtf,3,59685,2.4
seawall,7,59696,2.4
slags,5,59707,2.4
soundstage,10,59718,2.4
stepper,7,59729,2.4
supernovae,10,59740,2.4
tempts,6,59754,2.4
timorese,8,59765,2.4
trinitarian,11,59775,2.4
untainted,9,59788,2.4
vocaloid,8,59799,2.4
whaley,6,59810,2.4
yuppie,6,59822,2.4
abyssal,7,59842,2.39
aleph,5,59852,2.39
apoptotic,9,59863,2.39
balearic,8,59876,2.39
beckon,6,59887,2.39
bhavan,6,59899,2.39
bonafide,8,59911,2.39
breadsticks,11,59921,2.39
btn,3,59933,2.39
carrara,7,59944,2.39
chihuahuas,10,59954,2.39
cml,3,59966,2.39
convenor,8,59979,2.39
csd,3,59990,2.39
darian,6,60001,2.39
deters,6,60012,2.39
dinero,6,60022,2.39
doral,5,60034,2.39
ecclestone,10,60046,2.39
emmerson,8,60059,2.39
exfoliation,11,60072,2.39
finra,5,60085,2.39
flunked,7,60095,2.39
galloped,8,60108,2.39
goan,4,60120,2.39
grierson,8,60132,2.39
haruki,6,60145,2.39
higginson,9,60156,2.39
hyphenated,10,60168,2.39
industrials,11,60180,2.39
jase,4,60196,2.39
kamchatka,9,60208,2.39
krav,4,60220,2.39
laure,5,60231,2.39
liss,4,60243,2.39
maida,5,60255,2.39
mati,4,60267,2.39
megastar,8,60278,2.39
monkees,7,60291,2.39
nanometer,9,60303,2.39
nomi,4,60315,2.39
ort,3,60328,2.39
panchayats,10,60340,2.39
pellegrino,10,60351,2.39
peterman,8,60362,2.39
platz,5,60373,2.39
potpourri,9,60385,2.39
puglia,6,60399,2.39
rdp,3,60409,2.39
rhinitis,8,60423,2.39
rrr,3,60434,2.39
schnitzel,9,60447,2.39
shelve,6,60461,2.39
sibelius,8,60472,2.39
squirtle,8,60482,2.39
strutt,6,60494,2.39
tambo,5,60508,2.39
tipple,6,60518,2.39
udemy,5,60532,2.39
untried,7,60544,2.39
vivekananda,11,60554,2.39
wimps,5,60566,2.39
yamashita,9,60579,2.39
zhan,4,60589,2.39
afton,5,60606,2.38
ambani,6,60617,2.38
aspinall,8,60628,2.38
barstool,8,60640,2.38
benioff,7,60651,2.38
bobbed,6,60661,2.38
brusque,7,60673,2.38
callas,6,60686,2.38
carley,6,60696,2.38
chanda,6,60707,2.38
commonest,9,60718,2.38
couplets,8,60731,2.38
cylon,5,60742,2.38
deniz,5,60754,2.38
deutscher,9,60764,2.38
duhamel,7,60775,2.38
eir,3,60787,2.38
exoneration,11,60799,2.38
flagrantly,10,60810,2.38
gargle,6,60822,2.38
godiva,6,60833,2.38
hann,4,60846,2.38
hinkle,6,60857,2.38
humus,5,60868,2.38
inoperative,11,60881,2.38
jessop,6,60895,2.38
kirstie,7,60911,2.38
levante,7,60926,2.38
lto,3,60939,2.38
mercator,8,60951,2.38
misra,5,60964,2.38
mulvaney,8,60975,2.38
newhaven,8,60988,2.38
okeechobee,10,60999,2.38
parkers,7,61013,2.38
petter,6,61024,2.38
prabhu,6,61038,2.38
puyo,4,61049,2.38
reformists,10,61060,2.38
retrenchment,12,61072,2.38
rossiter,8,61083,2.38
schulze,7,61093,2.38
sence,5,61105,2.38
skewing,7,61116,2.38
stadler,7,61127,2.38
stubbed,7,61138,2.38
tarpaulin,9,61149,2.38
timmins,7,61159,2.38
torbay,6,61170,2.38
uaap,4,61182,2.38
unsw,4,61193,2.38
wacko,5,61206,2.38
widnes,6,61219,2.38
yorkville,9,61229,2.38
acevedo,7,61247,2.37
allgemeine,10,61258,2.37
ansell,6,61268,2.37
arum,4,61281,2.37
bangladeshis,12,61293,2.37
bendtner,8,61303,2.37
bioactive,9,61315,2.37
bottlenose,10,61325,2.37
burwood,7,61338,2.37
catarina,8,61352,2.37
chiquita,8,61363,2.37
cleat,5,61376,2.37
cooldown,8,61388,2.37
daiichi,7,61399,2.37
dells,5,61412,2.37
donk,4,61424,2.37
edelstein,9,61435,2.37
enjoined,8,61446,2.37
exuded,6,61459,2.37
fixable,7,61470,2.37
gametes,7,61486,2.37
gouache,7,61500,2.37
hac,3,61511,2.37
hdp,3,61525,2.37
hort,4,61538,2.37
iambic,6,61548,2.37
interlocutor,12,61560,2.37
kirkham,7,61575,2.37
leal,4,61585,2.37
logon,5,61597,2.37
majeure,7,61612,2.37
masterworks,11,61622,2.37
millsap,7,61635,2.37
morag,5,61646,2.37
myosin,6,61656,2.37
nosedive,8,61670,2.37
orthodontics,12,61681,2.37
payphone,8,61693,2.37
photocopying,12,61704,2.37
polaroids,9,61715,2.37
processional,12,61726,2.37
puyallup,8,61737,2.37
razzle,6,61750,2.37
refitted,8,61761,2.37
rias,4,61773,2.37
sanctify,8,61787,2.37
scummy,6,61798,2.37
shota,5,61810,2.37
snappers,8,61821,2.37
stateroom,9,61831,2.37
sulzberger,10,61842,2.37
taskmaster,10,61854,2.37
thots,5,61865,2.37
trucked,7,61877,2.37
unvaccinated,12,61889,2.37
viktoria,8,61900,2.37
wom,3,61911,2.37
yugioh,6,61925,2.37
adlai,5,61943,2.36
anderton,8,61955,2.36
arvin,5,61969,2.36
bacteriology,12,61981,2.36
barris,6,61992,2.36
bituminous,10,62004,2.36
broadmoor,9,62016,2.36
cantonal,8,62031,2.36
choate,6,62047,2.36
cockerel,8,62058,2.36
corsi,5,62071,2.36
darkens,7,62085,2.36
deviled,7,62096,2.36
dravid,6,62107,2.36
eleazar,7,62119,2.36
exmoor,6,62129,2.36
fevered,7,62140,2.36
freckle,7,62151,2.36
gamboa,6,62163,2.36
gora,4,62176,2.36
hanif,5,62189,2.36
higginbotham,12,62199,2.36
iim,3,62211,2.36
inositol,8,62222,2.36
isf,3,62234,2.36
kaj,3,62247,2.36
kootenay,8,62259,2.36
lattimore,9,62269,2.36
litton,6,62280,2.36
maneuverable,12,62292,2.36
matheny,7,62302,2.36
mencken,7,62314,2.36
minter,6,62324,2.36
monolingual,11,62336,2.36
mystifying,10,62348,2.36
nielson,7,62362,2.36
onsen,5,62375,2.36
overviews,9,62386,2.36
pastas,6,62399,2.36
phc,3,62410,2.36
potteries,9,62422,2.36
quel,4,62435,2.36
reiko,5,62447,2.36
rng,3,62460,2.36
sampras,7,62472,2.36
schiphol,8,62483,2.36
seh,3,62494,2.36
shallot,7,62505,2.36
slotting,8,62518,2.36
spss,4,62529,2.36
subsidise,9,62539,2.36
sympathisers,12,62550,2.36
tarps,5,62562,2.36
thusly,6,62572,2.36
ture,4,62587,2.36
unsanctioned,12,62598,2.36
walworth,8,62609,2.36
whitelist,9,62622,2.36
youn,4,62638,2.36
adjuncts,8,62654,2.35
akwa,4,62666,2.35
applejack,9,62677,2.35
autobot,7,62689,2.35
bauchi,6,62701,2.35
billets,7,62715,2.35
bookcases,9,62725,2.35
brigands,8,62736,2.35
cannock,7,62747,2.35
cdg,3,62757,2.35
churkin,7,62769,2.35
cmr,3,62781,2.35
confides,8,62793,2.35
cowgirls,8,62806,2.35
cytotoxicity,12,62817,2.35
defra,5,62831,2.35
dishonestly,11,62843,2.35
drouin,6,62855,2.35
emmerich,8,62868,2.35
eyal,4,62881,2.35
ferengi,7,62892,2.35
fnaf,4,62902,2.35
gagne,5,62913,2.35
gnashing,8,62925,2.35
grenier,7,62935,2.35
harboured,9,62950,2.35
henriette,9,62961,2.35
hispaniola,10,62971,2.35
ilona,5,62983,2.35
independant,11,62996,2.35
jeezy,5,63008,2.35
kashgar,7,63019,2.35
kroenke,7,63030,2.35
lgb,3,63042,2.35
lovelies,8,63054,2.35
malarial,8,63066,2.35
mccandless,10,63076,2.35
moneyball,9,63087,2.35
nadh,4,63098,2.35
nonwhite,8,63109,2.35
orbison,7,63120,2.35
perimeters,10,63135,2.35
playpen,7,63145,2.35
procedurally,12,63157,2.35
quelling,8,63168,2.35
rashi,5,63180,2.35
reeking,7,63192,2.35
ringling,8,63203,2.35
ruffin,6,63214,2.35
sawtooth,8,63225,2.35
selectmen,9,63236,2.35
shemales,8,63246,2.35
snatchers,9,63257,2.35
squelch,7,63268,2.35
stor,4,63278,2.35
sylar,5,63290,2.35
teatime,7,63301,2.35
tolled,6,63313,2.35
turbocharger,12,63326,2.35
unperturbed,11,63340,2.35
violette,8,63353,2.35
weissman,8,63365,2.35
wou,3,63378,2.35
zai,3,63389,2.35
agoraphobia,11,63408,2.34
anopheles,9,63420,2.34
backus,6,63432,2.34
bawled,6,63444,2.34
bexar,5,63456,2.34
bouldering,10,63472,2.34
btec,4,63483,2.34
carragher,9,63495,2.34
coalfield,9,63512,2.34
confusions,10,63524,2.34
currants,8,63536,2.34
dbm,3,63548,2.34
diagonals,9,63559,2.34
dowell,6,63571,2.34
effectual,9,63585,2.34
enniskillen,11,63597,2.34
extenders,9,63609,2.34
folktales,9,63621,2.34
functionary,11,63634,2.34
gelatine,8,63644,2.34
gramma,6,63656,2.34
haman,5,63668,2.34
hems,4,63679,2.34
hymenoptera,11,63692,2.34
instar,6,63705,2.34
jailbroken,10,63716,2.34
justina,7,63728,2.34
kingswood,9,63739,2.34
kubiak,6,63749,2.34
lettings,8,63761,2.34
machar,6,63775,2.34
marsala,7,63786,2.34
milani,6,63798,2.34
monetizing,10,63809,2.34
mutagenesis,11,63821,2.34
ngozi,5,63839,2.34
obc,3,63852,2.34
outpatients,11,63863,2.34
pathan,6,63876,2.34
peterhead,9,63888,2.34
pollinator,10,63899,2.34
punctuate,9,63911,2.34
raonic,6,63925,2.34
redeployed,10,63936,2.34
retinas,7,63948,2.34
rosneft,7,63960,2.34
sankara,7,63972,2.34
seif,4,63985,2.34
shod,4,63998,2.34
siya,4,64008,2.34
snakeskin,9,64019,2.34
stele,5,64034,2.34
syllabic,8,64044,2.34
telex,5,64057,2.34
tozer,5,64069,2.34
turton,6,64079,2.34
unimaginably,12,64093,2.34
vicenza,7,64106,2.34
watterson,9,64116,2.34
winterbottom,12,64130,2.34
yodel,5,64142,2.34
acn,3,64162,2.33
allez,5,64174,2.33
astoundingly,12,64185,2.33
backbenchers,12,64195,2.33
belushi,7,64207,2.33
bosoms,6,64221,2.33
brokenness,10,64231,2.33
cantu,5,64245,2.33
centreville,11,64257,2.33
cissy,5,64268,2.33
constrict,9,64282,2.33
cronenberg,10,64293,2.33
darya,5,64304,2.33
diddly,6,64316,2.33
dopaminergic,12,64328,2.33
ducktales,9,64339,2.33
emus,4,64350,2.33
etl,3,64360,2.33
ferndale,8,64373,2.33
francaise,9,64385,2.33
genocides,9,64397,2.33
gratuities,10,64409,2.33
heterodox,9,64422,2.33
hymnal,6,64432,2.33
inflates,8,64444,2.33
jammin,6,64457,2.33
kayne,5,64471,2.33
kremer,6,64482,2.33
lele,4,64493,2.33
loonies,7,64504,2.33
mallon,6,64516,2.33
mattes,6,64527,2.33
midazolam,9,64537,2.33
molokai,7,64549,2.33
moyers,6,64560,2.33
nonpublic,9,64572,2.33
ock,3,64585,2.33
papyri,6,64597,2.33
pharynx,7,64609,2.33
positing,8,64621,2.33
prods,5,64634,2.33
rais,4,64646,2.33
rfs,3,64658,2.33
roose,5,64670,2.33
sanju,5,64683,2.33
seaview,7,64694,2.33
sidwell,7,64708,2.33
soapstone,9,64720,2.33
srivastava,10,64731,2.33
strowman,8,64746,2.33
tare,4,64759,2.33
tilak,5,64770,2.33
tripathi,8,64782,2.33
unachievable,12,64792,2.33
upended,7,64807,2.33
velociraptor,12,64820,2.33
waster,6,64831,2.33
workdays,8,64842,2.33
abundances,10,64860,2.32
agc,3,64871,2.32
ancien,6,64883,2.32
atleti,6,64895,2.32
bardo,5,64907,2.32
belgrave,8,64918,2.32
bina,4,64930,2.32
bongos,6,64940,2.32
bulacan,7,64951,2.32
capp,4,64962,2.32
centrum,7,64973,2.32
cii,3,64986,2.32
cne,3,64998,2.32
cooter,6,65009,2.32
crappie,7,65021,2.32
dabo,4,65032,2.32
deface,6,65043,2.32
distended,9,65059,2.32
drenching,9,65070,2.32
ecclesia,8,65081,2.32
equalizing,10,65092,2.32
extortionate,12,65105,2.32
fiddles,7,65117,2.32
freq,4,65129,2.32
gfa,3,65141,2.32
gorda,5,65152,2.32
gudrun,6,65164,2.32
havnt,5,65176,2.32
horgan,6,65188,2.32
imposters,9,65203,2.32
inverters,9,65215,2.32
kalimantan,10,65227,2.32
kis,3,65238,2.32
kurz,4,65250,2.32
leibowitz,9,65262,2.32
longmans,8,65274,2.32
maladaptive,11,65284,2.32
mcadam,6,65297,2.32
microtubule,11,65309,2.32
moriah,6,65321,2.32
nati,4,65333,2.32
nobler,6,65345,2.32
nyasaland,9,65356,2.32
orozco,6,65369,2.32
pansexual,9,65382,2.32
peacemaking,11,65392,2.32
pietersen,9,65404,2.32
prearranged,11,65415,2.32
pygmalion,9,65425,2.32
raindrop,8,65437,2.32
rebroadcast,11,65449,2.32
reznor,6,65460,2.32
roch,4,65471,2.32
scamp,5,65483,2.32
shills,6,65494,2.32
slithered,9,65506,2.32
soria,5,65517,2.32
spica,5,65527,2.32
sturges,7,65538,2.32
tabi,4,65551,2.32
thessaly,8,65562,2.32
toothy,6,65574,2.32
tsing,5,65587,2.32
unplugging,10,65598,2.32
vineland,8,65614,2.32
webcomics,9,65626,2.32
windowed,8,65636,2.32
yuka,4,65648,2.32
adoptees,8,65670,2.31
akiko,5,65681,2.31
appendectomy,12,65692,2.31
aspca,5,65703,2.31
banqueting,10,65714,2.31
behr,4,65725,2.31
blain,5,65736,2.31
britpop,7,65748,2.31
cappadocia,10,65761,2.31
chace,5,65773,2.31
clerkship,9,65783,2.31
cowling,7,65797,2.31
daggett,7,65814,2.31
desu,4,65825,2.31
dishwashing,11,65836,2.31
dragan,6,65849,2.31
eme,3,65861,2.31
exhortations,12,65872,2.31
ferri,5,65885,2.31
flatts,6,65895,2.31
fusarium,8,65907,2.31
genova,6,65920,2.31
grayscale,9,65931,2.31
halsted,7,65945,2.31
hideki,6,65959,2.31
horwood,7,65969,2.31
ille,4,65981,2.31
interfacial,11,65995,2.31
joelle,6,66007,2.31
kingmaker,9,66018,2.31
landforms,9,66029,2.31
leman,5,66039,2.31
longings,8,66050,2.31
magnifies,9,66065,2.31
mccoll,6,66076,2.31
mien,4,66091,2.31
monro,5,66105,2.31
mudslides,9,66115,2.31
nayarit,7,66126,2.31
nolte,5,66139,2.31
obscenely,9,66152,2.31
orientalist,11,66165,2.31
pastoralists,12,66178,2.31
pergola,7,66189,2.31
playboys,8,66201,2.31
preludes,8,66212,2.31
pushin,6,66226,2.31
referent,8,66238,2.31
rosina,6,66250,2.31
sandbar,7,66262,2.31
scree,5,66273,2.31
shahbaz,7,66284,2.31
sizemore,8,66296,2.31
spokespeople,12,66307,2.31
subgenus,8,66321,2.31
tamu,4,66335,2.31
throught,8,66347,2.31
toynbee,7,66357,2.31
unbalance,9,66370,2.31
utsa,4,66382,2.31
waitlist,8,66393,2.31
willies,7,66407,2.31
yeol,4,66419,2.31
absentees,9,66436,2.3
alaba,5,66449,2.3
amortized,9,66461,2.3
arpeggios,9,66472,2.3
baelish,7,66486,2.3
bdc,3,66498,2.3
billows,7,66508,2.3
boren,5,66519,2.3
bunnings,8,66530,2.3
castellano,10,66542,2.3
chappie,7,66554,2.3
closers,7,66566,2.3
copolymers,10,66578,2.3
cunnilingus,11,66594,2.3
dente,5,66608,2.3
disrespects,11,66618,2.3
dyad,4,66629,2.3
epistolary,10,66640,2.3
fabry,5,66650,2.3
fineness,8,66664,2.3
frictionless,12,66675,2.3
glp,3,66688,2.3
gummi,5,66700,2.3
hastening,9,66713,2.3
hollandaise,11,66724,2.3
ift,3,66740,2.3
iol,3,66752,2.3
jav,3,66762,2.3
kaul,4,66775,2.3
kindles,7,66787,2.3
laurentian,10,66797,2.3
loudmouth,9,66808,2.3
mascherano,10,66821,2.3
middleburg,10,66835,2.3
morrigan,8,66848,2.3
napped,6,66861,2.3
nkjv,4,66875,2.3
obstructs,9,66889,2.3
orford,6,66901,2.3
pankaj,6,66915,2.3
picot,5,66928,2.3
polytheism,10,66940,2.3
predominates,12,66950,2.3
radamel,7,66963,2.3
redditch,8,66974,2.3
reliquary,9,66984,2.3
rinne,5,66995,2.3
ruthven,7,67006,2.3
sarwar,6,67016,2.3
scrounge,8,67029,2.3
showa,5,67044,2.3
sofitel,7,67056,2.3
spartak,7,67068,2.3
stumpy,6,67080,2.3
superwoman,10,67091,2.3
tetrahedron,11,67103,2.3
transversely,12,67114,2.3
ugandans,8,67124,2.3
upsides,7,67137,2.3
velar,5,67148,2.3
warmups,7,67160,2.3
wilsons,7,67172,2.3
yuval,5,67186,2.3
agger,5,67206,2.29
anther,6,67218,2.29
bachata,7,67231,2.29
beall,5,67243,2.29
bgp,3,67255,2.29
blowfish,8,67268,2.29
boult,5,67279,2.29
calvo,5,67291,2.29
chanson,7,67303,2.29
coalescing,10,67316,2.29
coord,5,67328,2.29
crystallised,12,67340,2.29
delon,5,67357,2.29
dga,3,67368,2.29
dsd,3,67380,2.29
eet,3,67396,2.29
encirclement,12,67408,2.29
estimators,10,67418,2.29
fagin,5,67432,2.29
ffc,3,67444,2.29
foiling,7,67456,2.29
furtado,7,67468,2.29
gori,4,67483,2.29
hamden,6,67495,2.29
hoffenheim,10,67506,2.29
ihe,3,67519,2.29
inheritors,10,67530,2.29
jacinta,7,67546,2.29
jolts,5,67557,2.29
keenum,6,67569,2.29
largemouth,10,67580,2.29
lii,3,67592,2.29
loro,4,67603,2.29
mahoning,8,67617,2.29
marymount,9,67629,2.29
memoria,7,67639,2.29
minesweeper,11,67651,2.29
musgrove,8,67665,2.29
nels,4,67676,2.29
notley,6,67688,2.29
ohana,5,67700,2.29
overstuffed,11,67711,2.29
peltier,7,67723,2.29
pitstop,7,67736,2.29
prefects,8,67747,2.29
pullen,6,67759,2.29
ratting,7,67777,2.29
rehoboth,8,67789,2.29
romagna,7,67801,2.29
scharf,6,67812,2.29
sfv,3,67823,2.29
slovene,7,67838,2.29
southsea,8,67849,2.29
steadier,8,67859,2.29
susa,4,67871,2.29
tci,3,67884,2.29
thinners,8,67894,2.29
triathletes,11,67906,2.29
udi,3,67918,2.29
unstated,8,67931,2.29
violinists,10,67944,2.29
whitelaw,8,67955,2.29
wringer,7,67966,2.29
zeman,5,67978,2.29
adulterers,10,67996,2.28
alpharetta,10,68007,2.28
aspersions,10,68018,2.28
barakat,7,68030,2.28
besting,7,68040,2.28
bonar,5,68051,2.28
bronfman,8,68063,2.28
calabrese,9,68074,2.28
changelog,9,68087,2.28
clothier,8,68100,2.28
considine,9,68114,2.28
cortese,7,68125,2.28
cytosolic,9,68138,2.28
digitize,8,68149,2.28
dreamworld,10,68163,2.28
ebc,3,68176,2.28
embargoes,9,68188,2.28
eventhough,10,68199,2.28
fawad,5,68211,2.28
foisted,7,68223,2.28
fuckable,8,68237,2.28
genealogists,12,68250,2.28
gotha,5,68261,2.28
gwb,3,68272,2.28
hayter,6,68284,2.28
hullabaloo,10,68298,2.28
icarly,6,68310,2.28
incinerators,12,68321,2.28
jaxx,4,68334,2.28
jozef,5,68347,2.28
khadija,7,68360,2.28
labo,4,68374,2.28
levene,6,68385,2.28
loathes,7,68396,2.28
madiba,6,68409,2.28
martinsburg,11,68421,2.28
mcnuggets,9,68431,2.28
micromanage,11,68442,2.28
monero,6,68455,2.28
muffle,6,68466,2.28
nathanson,9,68478,2.28
obo,3,68494,2.28
ovations,8,68505,2.28
panellists,10,68517,2.28
pipette,7,68533,2.28
porsches,8,68544,2.28
pumper,6,68558,2.28
rauf,4,68569,2.28
remainers,9,68579,2.28
ronstadt,8,68594,2.28
saadi,5,68607,2.28
sausalito,9,68617,2.28
shalimar,8,68630,2.28
skews,5,68641,2.28
soled,5,68652,2.28
submitter,9,68666,2.28
szechuan,8,68678,2.28
tase,4,68688,2.28
toros,5,68701,2.28
uch,3,68714,2.28
uninstalling,12,68724,2.28
veld,4,68737,2.28
washrooms,9,68749,2.28
wombats,7,68759,2.28
yeas,4,68772,2.28
abrogation,10,68798,2.27
akagi,5,68810,2.27
angelika,8,68822,2.27
atrophied,9,68834,2.27
bandera,7,68846,2.27
beatin,6,68859,2.27
bilderberg,10,68872,2.27
bodine,6,68884,2.27
bulma,5,68896,2.27
canio,5,68907,2.27
challis,7,68917,2.27
choses,6,68931,2.27
commedia,8,68948,2.27
coveralls,9,68962,2.27
curdling,8,68974,2.27
demerits,8,68988,2.27
dingus,6,68998,2.27
dpc,3,69009,2.27
elocution,9,69023,2.27
everson,7,69036,2.27
fiverr,6,69048,2.27
freeholders,11,69059,2.27
gallops,7,69070,2.27
glace,5,69082,2.27
hadden,6,69097,2.27
hexagons,8,69108,2.27
huppert,7,69120,2.27
imu,3,69133,2.27
irritations,11,69146,2.27
jewishness,10,69159,2.27
kanagawa,8,69171,2.27
knacks,6,69182,2.27
lasky,5,69195,2.27
lida,4,69208,2.27
lytle,5,69218,2.27
maryanne,8,69230,2.27
mengele,7,69242,2.27
monetized,9,69254,2.27
mula,4,69267,2.27
niang,5,69282,2.27
ntfs,4,69296,2.27
outland,7,69311,2.27
pennine,7,69322,2.27
phils,5,69334,2.27
ponchos,7,69348,2.27
prokaryotic,11,69359,2.27
radovan,7,69370,2.27
regurgitated,12,69382,2.27
rhimes,6,69393,2.27
ruston,6,69408,2.27
savored,7,69419,2.27
scurrilous,10,69431,2.27
shmuel,6,69444,2.27
sowerby,7,69457,2.27
straightener,12,69469,2.27
suppository,11,69480,2.27
tambor,6,69491,2.27
thaler,6,69505,2.27
tizzy,5,69518,2.27
trackpad,8,69530,2.27
uddin,5,69541,2.27
unwrapping,10,69555,2.27
victimised,10,69566,2.27
warmongering,12,69576,2.27
wilbert,7,69588,2.27
xxxxx,5,69599,2.27
adenovirus,10,69622,2.26
alok,4,69634,2.26
argento,7,69647,2.26
baahubali,9,69658,2.26
bame,4,69669,2.26
betz,4,69681,2.26
bluntness,9,69691,2.26
brm,3,69702,2.26
cannae,6,69715,2.26
checkouts,9,69726,2.26
claxton,7,69740,2.26
contentions,11,69754,2.26
creaming,8,69764,2.26
danziger,8,69776,2.26
diggity,7,69788,2.26
douches,7,69799,2.26
echols,6,69811,2.26
enamelled,9,69824,2.26
exorcisms,9,69835,2.26
fasciitis,9,69847,2.26
fns,3,69858,2.26
fritter,7,69869,2.26
geraghty,8,69884,2.26
godforsaken,11,69895,2.26
grumps,6,69905,2.26
harajuku,8,69917,2.26
hilux,5,69928,2.26
humphry,7,69939,2.26
inductively,11,69951,2.26
intrastate,10,69962,2.26
jatt,4,69975,2.26
juried,6,69987,2.26
khedira,7,70000,2.26
langdale,8,70014,2.26
leaderless,10,70025,2.26
lionesses,9,70040,2.26
lumberjacks,11,70051,2.26
maryborough,11,70062,2.26
medrano,7,70076,2.26
mof,3,70090,2.26
muharram,8,70103,2.26
niggling,8,70119,2.26
nunca,5,70130,2.26
pagers,6,70144,2.26
pelton,6,70157,2.26
plagiarizing,12,70170,2.26
putz,4,70183,2.26
reactant,8,70195,2.26
reposts,7,70207,2.26
roomful,7,70220,2.26
sags,4,70232,2.26
searcy,6,70243,2.26
shrews,6,70255,2.26
snowballed,10,70266,2.26
spee,4,70280,2.26
starlets,8,70292,2.26
superego,8,70305,2.26
tactless,8,70315,2.26
thallium,8,70326,2.26
totnes,6,70338,2.26
tummies,7,70350,2.26
unguided,8,70362,2.26
variably,8,70374,2.26
vocalization,12,70386,2.26
wheelwright,11,70399,2.26
wotton,6,70411,2.26
adjacency,9,70437,2.25
altera,6,70448,2.25
appiah,6,70459,2.25
aventador,9,70472,2.25
battler,7,70485,2.25
berkut,6,70498,2.25
bormann,7,70509,2.25
bugler,6,70523,2.25
cantilevered,12,70536,2.25
caz,3,70550,2.25
chatters,8,70562,2.25
condescend,10,70574,2.25
cutoffs,7,70590,2.25
dignitas,8,70604,2.25
doyen,5,70615,2.25
editorially,11,70628,2.25
enya,4,70640,2.25
fairings,8,70650,2.25
firewire,8,70662,2.25
frailties,9,70673,2.25
furred,6,70683,2.25
gigging,7,70697,2.25
gprs,4,70711,2.25
grrrr,5,70721,2.25
haran,5,70735,2.25
hird,4,70746,2.25
hyaline,7,70759,2.25
indexation,10,70772,2.25
javelins,8,70787,2.25
junkers,7,70797,2.25
kirke,5,70809,2.25
kyocera,7,70820,2.25
linoleic,8,70833,2.25
looong,6,70844,2.25
macdowell,9,70855,2.25
mally,5,70867,2.25
massena,7,70878,2.25
meep,4,70891,2.25
mincemeat,9,70902,2.25
modifiable,10,70913,2.25
mors,4,70924,2.25
mulching,8,70934,2.25
nakuru,6,70945,2.25
nmd,3,70957,2.25
okinawan,8,70968,2.25
oxidants,8,70984,2.25
pendle,6,70998,2.25
pinnock,7,71010,2.25
pranab,6,71022,2.25
radiata,7,71034,2.25
realpolitik,11,71044,2.25
repercussion,12,71057,2.25
rifkin,6,71069,2.25
sahm,4,71081,2.25
sensex,6,71092,2.25
skylab,6,71106,2.25
sorption,8,71118,2.25
stalactites,11,71131,2.25
summerfield,11,71142,2.25
teepee,6,71153,2.25
timepieces,10,71166,2.25
transgenders,12,71177,2.25
turney,6,71187,2.25
usi,3,71200,2.25
waypoints,9,71213,2.25
wilk,4,71223,2.25
yearlings,9,71235,2.25
abacha,6,71253,2.24
affray,6,71263,2.24
ambo,4,71274,2.24
armidale,8,71288,2.24
backlogs,8,71300,2.24
bbn,3,71314,2.24
binges,6,71327,2.24
bombshells,10,71338,2.24
brannigan,9,71350,2.24
buehler,7,71360,2.24
cahiers,7,71371,2.24
carville,8,71382,2.24
chicanery,9,71396,2.24
colangelo,9,71407,2.24
cous,4,71422,2.24
ddu,3,71435,2.24
dich,4,71446,2.24
diu,3,71458,2.24
dunder,6,71470,2.24
emplacements,12,71481,2.24
eurocopter,10,71494,2.24
ferran,6,71504,2.24
ftd,3,71516,2.24
generalizes,11,71528,2.24
goodspeed,9,71538,2.24
habitability,12,71552,2.24
herold,6,71566,2.24
husayn,6,71577,2.24
inslee,6,71592,2.24
jaimie,6,71605,2.24
juxtaposing,11,71615,2.24
khair,5,71630,2.24
kyler,5,71642,2.24
legislations,12,71652,2.24
lorre,5,71664,2.24
manali,6,71678,2.24
mcglynn,7,71691,2.24
milgram,7,71702,2.24
mostyn,6,71715,2.24
nearness,8,71729,2.24
nsl,3,71743,2.24
omri,4,71756,2.24
overruling,10,71767,2.24
parsifal,8,71779,2.24
pfp,3,71790,2.24
pola,4,71800,2.24
prl,3,71812,2.24
queanbeyan,10,71825,2.24
recharges,9,71836,2.24
revitalise,10,71849,2.24
romulans,8,71861,2.24
sailfish,8,71874,2.24
sbp,3,71886,2.24
selassie,8,71898,2.24
sgp,3,71908,2.24
sira,4,71919,2.24
sneed,5,71931,2.24
stol,4,71941,2.24
sweetening,10,71952,2.24
tautology,9,71965,2.24
timken,6,71977,2.24
tria,4,71989,2.24
unimproved,10,72000,2.24
utopias,7,72010,2.24
wakeman,7,72022,2.24
woos,4,72034,2.24
zahid,5,72046,2.24
africana,8,72066,2.23
allium,6,72077,2.23
anthropocene,12,72087,2.23
attar,5,72099,2.23
banga,5,72112,2.23
befor,5,72123,2.23
blech,5,72135,2.23
bookbinding,11,72147,2.23
burkhart,8,72158,2.23
casco,5,72171,2.23
choon,5,72182,2.23
colwell,7,72194,2.23
cornhill,8,72207,2.23
curtailment,11,72219,2.23
delfino,7,72229,2.23
discogs,7,72241,2.23
douro,5,72254,2.23
egoist,6,72266,2.23
erma,4,72281,2.23
faiz,4,72296,2.23
felixstowe,10,72306,2.23
flexors,7,72317,2.23
frond,5,72327,2.23
gci,3,72340,2.23
glassed,7,72352,2.23
greystone,9,72362,2.23
hamp,4,72376,2.23
hijinks,7,72388,2.23
honks,5,72398,2.23
ifunny,6,72411,2.23
interfax,8,72425,2.23
jacquie,7,72437,2.23
jobbing,7,72449,2.23
kelis,5,72460,2.23
knitters,8,72472,2.23
lave,4,72484,2.23
lippmann,8,72495,2.23
loz,3,72505,2.23
mahadev,7,72517,2.23
maypole,7,72530,2.23
mesas,5,72541,2.23
moisturizers,12,72555,2.23
muggers,7,72567,2.23
ncb,3,72579,2.23
ninjago,7,72591,2.23
nsi,3,72603,2.23
ooops,5,72615,2.23
overexposure,12,72626,2.23
perversity,10,72637,2.23
pinner,6,72650,2.23
porteous,8,72663,2.23
prions,6,72674,2.23
rachmaninoff,12,72687,2.23
reassurances,12,72698,2.23
repetitious,11,72709,2.23
ripens,6,72719,2.23
samford,7,72732,2.23
sdh,3,72748,2.23
shitfaced,9,72759,2.23
slopestyle,10,72770,2.23
spendthrift,11,72783,2.23
stowage,7,72793,2.23
swaddling,9,72805,2.23
tcw,3,72818,2.23
thornbury,9,72830,2.23
trichy,6,72842,2.23
uncorrected,11,72854,2.23
unvarnished,11,72865,2.23
vibrio,6,72877,2.23
weyl,4,72890,2.23
wlan,4,72901,2.23
abdulrahman,11,72922,2.22
altuve,6,72936,2.22
apts,4,72947,2.22
avm,3,72959,2.22
basting,7,72972,2.22
benatar,7,72982,2.22
binged,6,72995,2.22
boatswain,9,73006,2.22
broyles,7,73018,2.22
burrs,5,73029,2.22
carib,5,73041,2.22
certs,5,73053,2.22
christus,8,73065,2.22
cloverfield,11,73076,2.22
contortions,11,73086,2.22
cuttack,7,73099,2.22
debilitated,11,73112,2.22
detracting,10,73122,2.22
divvy,5,73133,2.22
ebon,4,73146,2.22
embeds,6,73157,2.22
exorcised,9,73170,2.22
fishtail,8,73183,2.22
folkloric,9,73193,2.22
friel,5,73204,2.22
geetha,6,73218,2.22
gmg,3,73228,2.22
gripper,7,73240,2.22
hanssen,7,73252,2.22
hinch,5,73262,2.22
hotch,5,73276,2.22
ignazio,7,73288,2.22
interweaving,12,73302,2.22
jackpots,8,73313,2.22
jona,4,73324,2.22
kase,4,73337,2.22
kow,3,73350,2.22
kuk,3,73360,2.22
lfa,3,73374,2.22
lompoc,6,73386,2.22
lycoming,8,73396,2.22
marengo,7,73408,2.22
megahertz,9,73422,2.22
militarist,10,73436,2.22
monarchists,11,73449,2.22
mtx,3,73460,2.22
nauseam,7,73472,2.22
nostrand,8,73483,2.22
oona,4,73497,2.22
overpayments,12,73507,2.22
pesci,5,73520,2.22
plr,3,73534,2.22
pornos,6,73544,2.22
propos,6,73555,2.22
raji,4,73568,2.22
reclassify,10,73579,2.22
revokes,7,73592,2.22
safehouse,9,73605,2.22
schlong,7,73615,2.22
shipowner,9,73632,2.22
soco,4,73643,2.22
stiffly,7,73658,2.22
subarachnoid,12,73669,2.22
swanton,7,73681,2.22
tasters,7,73694,2.22
terrifically,12,73707,2.22
tibi,4,73718,2.22
toupee,6,73729,2.22
tsars,5,73742,2.22
unbelieving,11,73754,2.22
vad,3,73764,2.22
vivant,6,73778,2.22
wavefront,9,73791,2.22
windup,6,73801,2.22
yassin,6,73812,2.22
zamboni,7,73823,2.22
affaire,7,73844,2.21
ampere,6,73855,2.21
arius,5,73867,2.21
aversive,8,73878,2.21
bascom,6,73889,2.21
bens,4,73903,2.21
blois,5,73913,2.21
brownstein,10,73926,2.21
caiman,6,73940,2.21
cattlemen,9,73950,2.21
chimeras,8,73961,2.21
companys,8,73972,2.21
copepods,8,73984,2.21
courteney,9,73996,2.21
curmudgeon,10,74008,2.21
deluged,7,74019,2.21
diogo,5,74031,2.21
drow,4,74045,2.21
egghead,7,74056,2.21
endoscope,9,74069,2.21
eti,3,74081,2.21
fenian,6,74092,2.21
foots,5,74103,2.21
garson,6,74116,2.21
goaltenders,11,74127,2.21
grimacing,9,74138,2.21
haque,5,74152,2.21
heffron,7,74162,2.21
hosing,6,74174,2.21
ilene,5,74185,2.21
intimation,10,74199,2.21
javale,6,74210,2.21
kaia,4,74223,2.21
koba,4,74233,2.21
krum,4,74247,2.21
lazlo,5,74259,2.21
llangollen,10,74272,2.21
mallya,6,74284,2.21
marling,7,74295,2.21
meares,6,74305,2.21
mickle,6,74317,2.21
moviepass,9,74328,2.21
nasional,8,74341,2.21
nomen,5,74353,2.21
olam,4,74363,2.21
owt,3,74374,2.21
peplum,6,74386,2.21
plats,5,74398,2.21
pressler,8,74409,2.21
pvs,3,74420,2.21
raila,5,74430,2.21
regine,6,74441,2.21
revisionists,12,74453,2.21
rsp,3,74465,2.21
samad,5,74477,2.21
seely,5,74489,2.21
sheree,6,74500,2.21
sinica,6,74511,2.21
softy,5,74523,2.21
stampa,6,74534,2.21
suntory,7,74545,2.21
tachyon,7,74558,2.21
texturing,9,74569,2.21
toland,6,74583,2.21
triplex,7,74598,2.21
typeset,7,74609,2.21
unzips,6,74621,2.21
virginie,8,74633,2.21
weaklings,9,74646,2.21
wisher,6,74658,2.21
xxix,4,74670,2.21
zindagi,7,74680,2.21
adora,5,74705,2.2
alitalia,8,74716,2.2
arad,4,74728,2.2
awlaki,6,74740,2.2
banjos,6,74751,2.2
befalls,7,74761,2.2
boheme,6,74772,2.2
brassard,8,74784,2.2
buuren,6,74795,2.2
casbah,6,74809,2.2
cheapness,9,74823,2.2
clemenceau,10,74835,2.2
costumers,9,74851,2.2
cuatro,6,74865,2.2
davi,4,74878,2.2
delisting,9,74889,2.2
disjunction,11,74900,2.2
drumroll,8,74911,2.2
dvm,3,74922,2.2
emdr,4,74934,2.2
eurofighter,11,74945,2.2
feted,5,74957,2.2
foodbank,8,74968,2.2
furstenberg,11,74978,2.2
gimlet,6,74990,2.2
gorski,6,75002,2.2
grovelling,10,75013,2.2
handi,5,75026,2.2
hillard,7,75039,2.2
homocysteine,12,75049,2.2
idem,4,75062,2.2
inseam,6,75075,2.2
iquique,7,75086,2.2
joslin,6,75099,2.2
kempe,5,75111,2.2
kinston,7,75121,2.2
kunz,4,75133,2.2
lawbreakers,11,75145,2.2
lexapro,7,75155,2.2
loughton,8,75166,2.2
makita,6,75178,2.2
matrilineal,11,75189,2.2
meriwether,10,75201,2.2
mkii,4,75213,2.2
msgr,4,75223,2.2
newsreels,9,75236,2.2
nyack,5,75250,2.2
oww,3,75261,2.2
parana,6,75272,2.2
perineum,8,75283,2.2
pigeonhole,10,75297,2.2
posy,4,75309,2.2
psas,4,75319,2.2
quintile,8,75330,2.2
reallocate,10,75343,2.2
reperfusion,11,75354,2.2
riri,4,75366,2.2
salahuddin,10,75379,2.2
schmaltz,8,75390,2.2
shabana,7,75402,2.2
sisson,6,75416,2.2
snubbing,8,75427,2.2
splm,4,75439,2.2
stoping,7,75450,2.2
superscript,11,75460,2.2
tatarstan,9,75471,2.2
tensors,7,75483,2.2
tirades,7,75493,2.2
trickiest,9,75507,2.2
uis,3,75518,2.2
upstarts,8,75530,2.2
vidic,5,75541,2.2
whiners,7,75554,2.2
writting,8,75565,2.2
yoshio,6,75577,2.2
adulting,8,75596,2.19
alpina,6,75608,2.19
args,4,75619,2.19
baling,6,75635,2.19
bdd,3,75647,2.19
besant,6,75658,2.19
bookable,8,75670,2.19
brion,5,75680,2.19
bustier,7,75692,2.19
carmilla,8,75703,2.19
chandos,7,75714,2.19
churlish,8,75727,2.19
coir,4,75741,2.19
convulsive,10,75757,2.19
crevasses,9,75769,2.19
daimyo,6,75782,2.19
decima,6,75792,2.19
directorates,12,75804,2.19
doughboy,8,75815,2.19
earthling,9,75828,2.19
embroider,9,75840,2.19
esco,4,75851,2.19
extractors,10,75863,2.19
flatware,8,75876,2.19
froot,5,75889,2.19
gandhian,8,75901,2.19
gim,3,75913,2.19
grimaced,8,75925,2.19
hallucinogen,12,75936,2.19
hearin,6,75950,2.19
hirsh,5,75963,2.19
huffpo,6,75974,2.19
indiscipline,12,75989,2.19
ishq,4,76003,2.19
jintao,6,76013,2.19
kapp,4,76026,2.19
kimba,5,76037,2.19
krsna,5,76047,2.19
letterkenny,11,76059,2.19
lomb,4,76071,2.19
machel,6,76083,2.19
mallards,8,76094,2.19
masquerades,11,76108,2.19
menses,6,76119,2.19
molde,5,76131,2.19
musgraves,9,76143,2.19
nena,4,76155,2.19
normalising,11,76169,2.19
okayama,7,76181,2.19
paignton,8,76192,2.19
pedalling,9,76204,2.19
pisco,5,76216,2.19
polytheistic,12,76229,2.19
pursing,7,76244,2.19
ravings,7,76257,2.19
repents,7,76267,2.19
rookery,7,76280,2.19
sabr,4,76290,2.19
schrute,7,76305,2.19
servos,6,76316,2.19
shiller,7,76330,2.19
sisal,5,76341,2.19
sood,4,76356,2.19
subsidising,11,76366,2.19
tabriz,6,76379,2.19
tena,4,76390,2.19
tilde,5,76400,2.19
trussed,7,76414,2.19
underarms,9,76426,2.19
utp,3,76437,2.19
victorias,9,76449,2.19
welshpool,9,76462,2.19
woodshed,8,76472,2.19
zambrano,8,76485,2.19
zouma,5,76496,2.19
ahca,4,76516,2.18
anaya,5,76528,2.18
armless,7,76540,2.18
avoca,5,76552,2.18
bartz,5,76564,2.18
bettors,7,76575,2.18
bnt,3,76586,2.18
brigantine,10,76599,2.18
bvi,3,76610,2.18
carlene,7,76620,2.18
cheapen,7,76633,2.18
citadels,8,76644,2.18
collyer,7,76656,2.18
corsage,7,76670,2.18
crutcher,8,76683,2.18
decadal,7,76694,2.18
depay,5,76705,2.18
dippers,7,76717,2.18
dollies,7,76727,2.18
dut,3,76739,2.18
emm,3,76753,2.18
esthetics,9,76763,2.18
ferdinando,10,76776,2.18
fudged,6,76787,2.18
gertrud,7,76797,2.18
gogglebox,9,76810,2.18
gue,3,76822,2.18
haruna,6,76833,2.18
highpoint,9,76845,2.18
homotopy,8,76857,2.18
humph,5,76867,2.18
inspo,5,76880,2.18
jerker,6,76896,2.18
kairos,6,76906,2.18
kingsville,10,76917,2.18
kuzma,5,76929,2.18
legalising,10,76940,2.18
liquefy,7,76954,2.18
maharishi,9,76969,2.18
mco,3,76980,2.18
miscarry,8,76993,2.18
mousa,5,77007,2.18
mutch,5,77019,2.18
neutrally,9,77031,2.18
ofthis,6,77043,2.18
oshima,6,77054,2.18
paling,6,77066,2.18
perihelion,10,77080,2.18
pirouette,9,77092,2.18
pontifex,8,77105,2.18
quizzical,9,77119,2.18
reeducation,11,77132,2.18
revivalist,10,77145,2.18
roop,4,77157,2.18
ruk,3,77167,2.18
schooldays,10,77180,2.18
shue,4,77194,2.18
slavishly,9,77204,2.18
soooooooo,9,77219,2.18
stammered,9,77230,2.18
strayer,7,77242,2.18
tant,4,77253,2.18
tethers,7,77265,2.18
tiddies,7,77277,2.18
tothe,5,77288,2.18
tutsis,6,77299,2.18
untangling,10,77311,2.18
vikes,5,77324,2.18
webkit,6,77336,2.18
woodworker,10,77347,2.18
zebulon,7,77359,2.18
acquisitive,11,77380,2.17
aleck,5,77392,2.17
anarkali,8,77405,2.17
apha,4,77417,2.17
astrakhan,9,77428,2.17
bankrupting,11,77440,2.17
behan,5,77451,2.17
blanketing,10,77464,2.17
bph,3,77476,2.17
bulgari,7,77488,2.17
canavan,7,77502,2.17
cellos,6,77515,2.17
chiellini,9,77526,2.17
clausewitz,10,77539,2.17
concussive,10,77550,2.17
cosh,4,77562,2.17
crystallizes,12,77574,2.17
deleon,6,77587,2.17
dillingham,10,77598,2.17
dominika,8,77610,2.17
duolingo,8,77622,2.17
ega,3,77632,2.17
enes,4,77643,2.17
estar,5,77656,2.17
fastback,8,77668,2.17
flirtations,11,77680,2.17
fungible,8,77692,2.17
geneseo,7,77703,2.17
goins,5,77715,2.17
grounders,9,77729,2.17
hanyang,7,77740,2.17
hdb,3,77751,2.17
hennig,6,77762,2.17
honan,5,77773,2.17
ieyasu,6,77787,2.17
inka,4,77800,2.17
jammeh,6,77814,2.17
keefer,6,77829,2.17
ksh,3,77840,2.17
larchmont,9,77850,2.17
leftmost,8,77861,2.17
lockscreen,10,77873,2.17
lurker,6,77884,2.17
mandurah,8,77895,2.17
martius,7,77907,2.17
meas,4,77918,2.17
mmg,3,77930,2.17
msb,3,77942,2.17
nbr,3,77953,2.17
nsclc,5,77967,2.17
ontop,5,77978,2.17
oxbow,5,77988,2.17
patnaik,7,78000,2.17
petits,6,78012,2.17
pils,4,78023,2.17
pott,4,78036,2.17
ptb,3,78051,2.17
ramat,5,78062,2.17
rennet,6,78074,2.17
rosaries,8,78087,2.17
sadists,7,78098,2.17
schirmer,8,78111,2.17
shroff,6,78123,2.17
sledges,7,78133,2.17
speirs,6,78145,2.17
stenciled,9,78158,2.17
suspender,9,78171,2.17
systematized,12,78182,2.17
thawne,6,78193,2.17
tiffani,7,78203,2.17
tortellini,10,78215,2.17
trichomes,9,78226,2.17
uffizi,6,78236,2.17
upvote,6,78249,2.17
vincente,8,78261,2.17
waveguides,10,78271,2.17
worrier,7,78285,2.17
yoel,4,78298,2.17
aag,3,78318,2.16
adichie,7,78329,2.16
ahram,5,78340,2.16
amesbury,8,78351,2.16
antacids,8,78363,2.16
arvada,6,78373,2.16
bamboozle,9,78387,2.16
berge,5,78402,2.16
bizzare,7,78412,2.16
bottomley,9,78423,2.16
brims,5,78435,2.16
calkins,7,78447,2.16
cathal,6,78459,2.16
chicas,6,78471,2.16
codfish,7,78482,2.16
corzine,7,78494,2.16
damnable,8,78508,2.16
defrosting,10,78519,2.16
dirigible,9,78532,2.16
dovetails,9,78545,2.16
duplexes,8,78557,2.16
ellsberg,8,78568,2.16
evey,4,78581,2.16
fauquier,8,78594,2.16
fomented,8,78606,2.16
galatea,7,78620,2.16
ghose,5,78630,2.16
goreng,6,78641,2.16
gummer,6,78652,2.16
hamann,6,78662,2.16
hds,3,78674,2.16
hoban,5,78687,2.16
huffs,5,78697,2.16
indefinable,11,78711,2.16
iterating,9,78723,2.16
jokic,5,78737,2.16
kernan,6,78750,2.16
kowtow,6,78761,2.16
lavage,6,78773,2.16
lingfield,9,78784,2.16
ludogorets,10,78796,2.16
maracaibo,9,78807,2.16
mendelian,9,78818,2.16
mjolnir,7,78830,2.16
montenegrin,11,78843,2.16
narayanan,9,78856,2.16
nicaea,6,78867,2.16
nyerere,7,78880,2.16
olivetti,8,78893,2.16
ottumwa,7,78904,2.16
paperwhite,10,78915,2.16
peekskill,9,78928,2.16
pincushion,10,78941,2.16
portcullis,10,78951,2.16
proquest,8,78964,2.16
quirkiness,10,78976,2.16
ravenhill,9,78988,2.16
reimbursing,11,79001,2.16
revie,5,79012,2.16
rozelle,7,79024,2.16
samiti,6,79037,2.16
setzer,6,79049,2.16
sisley,6,79059,2.16
sonntag,7,79071,2.16
stimulatory,11,79085,2.16
suomi,5,79097,2.16
tacloban,8,79110,2.16
terrorising,11,79122,2.16
tillamook,9,79132,2.16
trashes,7,79144,2.16
uea,3,79155,2.16
vapers,6,79166,2.16
walkover,8,79180,2.16
wint,4,79193,2.16
xxxtentacion,12,79203,2.16
accts,5,79229,2.15
alleyne,7,79242,2.15
angier,6,79253,2.15
argentinians,12,79264,2.15
astragalus,10,79275,2.15
barque,6,79288,2.15
bentinck,8,79299,2.15
bisphenol,9,79310,2.15
bonino,6,79322,2.15
brazing,7,79335,2.15
bullingdon,10,79346,2.15
canvasses,9,79358,2.15
chacon,6,79371,2.15
chvrches,8,79381,2.15
cocksucking,11,79392,2.15
coogee,6,79406,2.15
cowhide,7,79419,2.15
dacha,5,79431,2.15
delineates,10,79442,2.15
dharwad,7,79453,2.15
dnieper,7,79465,2.15
effectors,9,79478,2.15
encoders,8,79489,2.15
explication,11,79502,2.15
flanged,7,79514,2.15
formalin,8,79524,2.15
gaskin,6,79535,2.15
gotchu,6,79548,2.15
halas,5,79562,2.15
headin,6,79574,2.15
histologic,10,79586,2.15
hooping,7,79597,2.15
hythe,5,79612,2.15
incentivise,11,79624,2.15
ipecac,6,79640,2.15
janvier,7,79651,2.15
kageyama,8,79664,2.15
kluber,6,79675,2.15
lacombe,7,79688,2.15
lemke,5,79701,2.15
lirr,4,79711,2.15
magnon,6,79725,2.15
maung,5,79740,2.15
megazord,8,79750,2.15
miraflores,10,79762,2.15
multidrug,9,79773,2.15
nawa,4,79783,2.15
nickleby,8,79794,2.15
nyo,3,79805,2.15
ongc,4,79815,2.15
ostracised,10,79827,2.15
pearsall,8,79841,2.15
pfd,3,79852,2.15
pokeballs,9,79865,2.15
presynaptic,11,79878,2.15
pulpits,7,79889,2.15
rampages,8,79902,2.15
regt,4,79914,2.15
rosner,6,79926,2.15
sango,5,79938,2.15
seagram,7,79951,2.15
shaul,5,79964,2.15
silicones,9,79977,2.15
speckles,8,79991,2.15
steric,6,80002,2.15
summ,4,80016,2.15
tamron,6,80031,2.15
terrorizes,10,80041,2.15
trejo,5,80055,2.15
turris,6,80066,2.15
ulema,5,80077,2.15
uris,4,80088,2.15
violeta,7,80100,2.15
wendigo,7,80111,2.15
wokingham,9,80124,2.15
yoi,3,80135,2.15
aalborg,7,80151,2.14
aine,4,80162,2.14
almanack,8,80176,2.14
angiogram,9,80187,2.14
arnica,6,80201,2.14
ayako,5,80217,2.14
basemen,7,80228,2.14
berezovsky,10,80239,2.14
blaire,6,80251,2.14
bozak,5,80263,2.14
bucher,6,80275,2.14
camas,5,80288,2.14
carwash,7,80300,2.14
chios,5,80312,2.14
clymer,6,80325,2.14
condensers,10,80338,2.14
corralled,9,80350,2.14
darussalam,10,80364,2.14
demoralising,12,80375,2.14
dishonoured,11,80391,2.14
drumline,8,80402,2.14
edoardo,7,80415,2.14
enriquez,8,80426,2.14
fabolous,8,80440,2.14
ffi,3,80452,2.14
frente,6,80466,2.14
ganon,5,80476,2.14
gladbach,8,80490,2.14
gurgle,6,80504,2.14
hardwell,8,80515,2.14
hereabouts,10,80528,2.14
horsehair,9,80540,2.14
idolizing,9,80550,2.14
infosec,7,80562,2.14
jayanti,7,80578,2.14
karman,6,80591,2.14
laffer,6,80602,2.14
legitimise,10,80615,2.14
lockdowns,9,80625,2.14
luh,3,80637,2.14
marcelino,9,80649,2.14
mcburney,8,80659,2.14
mexicali,8,80671,2.14
mononuclear,11,80683,2.14
ncd,3,80696,2.14
nodejs,6,80709,2.14
ohhhhhh,7,80724,2.14
owler,5,80736,2.14
penticton,9,80748,2.14
plumper,7,80761,2.14
predicaments,12,80773,2.14
quintuple,9,80787,2.14
recoils,7,80800,2.14
resend,6,80810,2.14
rightmost,9,80821,2.14
ruprecht,8,80835,2.14
saoirse,7,80846,2.14
scu,3,80858,2.14
shaina,6,80870,2.14
shuffleboard,12,80881,2.14
skink,5,80892,2.14
spondylitis,11,80904,2.14
statesboro,10,80915,2.14
striae,6,80926,2.14
tagger,6,80943,2.14
teleological,12,80953,2.14
toady,5,80965,2.14
trinh,5,80976,2.14
typhon,6,80987,2.14
unwholesome,11,80999,2.14
virago,6,81011,2.14
wellhead,8,81024,2.14
wookie,6,81038,2.14
yello,5,81050,2.14
abattoirs,9,81072,2.13
akiva,5,81087,2.13
alpena,6,81099,2.13
aop,3,81110,2.13
asamoah,7,81123,2.13
backlund,8,81134,2.13
basho,5,81145,2.13
berardi,7,81158,2.13
blurbs,6,81171,2.13
bronstein,9,81184,2.13
butyrate,8,81196,2.13
carradine,9,81208,2.13
chamfered,9,81219,2.13
contrapuntal,12,81236,2.13
damas,5,81250,2.13
democratize,11,81261,2.13
disowning,9,81274,2.13
dyche,5,81287,2.13
enfranchised,12,81298,2.13
everythings,11,81310,2.13
ferranti,8,81321,2.13
flotus,6,81332,2.13
fribourg,8,81343,2.13
gatewood,8,81355,2.13
golson,6,81367,2.13
gussie,6,81379,2.13
haugh,5,81392,2.13
holey,5,81408,2.13
hunterdon,9,81419,2.13
inferential,11,81429,2.13
ital,4,81440,2.13
kae,3,81452,2.13
kelty,5,81463,2.13
konica,6,81474,2.13
kunkel,6,81485,2.13
lebrons,7,81496,2.13
liev,4,81508,2.13
longa,5,81519,2.13
mahwah,6,81532,2.13
marriner,8,81545,2.13
mcduffie,8,81558,2.13
mesmeric,8,81569,2.13
mirotic,7,81584,2.13
mostar,6,81598,2.13
mushtaq,7,81608,2.13
nesters,7,81624,2.13
obr,3,81639,2.13
opps,4,81649,2.13
outselling,10,81662,2.13
paiute,6,81675,2.13
paternoster,11,81685,2.13
pharos,6,81696,2.13
poofy,5,81711,2.13
protruded,9,81723,2.13
raconteur,9,81735,2.13
razr,4,81746,2.13
reflexology,11,81757,2.13
rimmel,6,81768,2.13
romanization,12,81779,2.13
saddling,8,81791,2.13
scipione,8,81802,2.13
shon,4,81815,2.13
sinfield,8,81828,2.13
somnath,7,81840,2.13
ssrs,4,81851,2.13
stonington,10,81862,2.13
sugg,4,81873,2.13
switchbacks,11,81885,2.13
tharoor,7,81897,2.13
tooley,6,81909,2.13
trousseau,9,81922,2.13
udine,5,81934,2.13
utan,4,81945,2.13
villard,7,81957,2.13
walliams,8,81969,2.13
willesden,9,81981,2.13
xxxiii,6,81993,2.13
zeigler,7,82004,2.13
accuweather,11,82022,2.12
alginate,8,82033,2.12
antacid,7,82045,2.12
aroostook,9,82056,2.12
baat,4,82068,2.12
barabbas,8,82078,2.12
belligerence,12,82090,2.12
bipartite,9,82101,2.12
blinkered,9,82111,2.12
bostick,7,82123,2.12
brooklands,10,82134,2.12
cakey,5,82145,2.12
caus,4,82159,2.12
chn,3,82173,2.12
closeout,8,82184,2.12
creepypasta,11,82199,2.12
dampens,7,82210,2.12
devant,6,82223,2.12
doch,4,82236,2.12
dulls,5,82249,2.12
elmendorf,9,82263,2.12
erdmann,7,82274,2.12
feltham,7,82288,2.12
fleischman,10,82300,2.12
framer,6,82311,2.12
galan,5,82321,2.12
glia,4,82335,2.12
gowanus,7,82347,2.12
gullibility,11,82357,2.12
halp,4,82368,2.12
hesperia,8,82380,2.12
honeycutt,9,82392,2.12
inbounds,8,82405,2.12
isreal,6,82416,2.12
jeebies,7,82426,2.12
juxtaposes,10,82439,2.12
kili,4,82452,2.12
klutz,5,82462,2.12
lakin,5,82475,2.12
liesl,5,82487,2.12
looe,4,82497,2.12
magyars,7,82510,2.12
maybank,7,82522,2.12
mdx,3,82532,2.12
metzler,7,82543,2.12
molesworth,10,82554,2.12
mountford,9,82564,2.12
namor,5,82578,2.12
newbridge,9,82590,2.12
nto,3,82600,2.12
ogi,3,82614,2.12
ostentation,11,82626,2.12
pandits,7,82637,2.12
penarth,7,82650,2.12
piecewise,9,82667,2.12
polyhedral,10,82677,2.12
prg,3,82688,2.12
quibbles,8,82700,2.12
rayyan,6,82711,2.12
respectably,11,82723,2.12
roofline,8,82736,2.12
sait,4,82748,2.12
scraggly,8,82760,2.12
shaadi,6,82772,2.12
siders,6,82783,2.12
sodomized,9,82795,2.12
stansbury,9,82806,2.12
stroh,5,82817,2.12
sysadmin,8,82832,2.12
taxicabs,8,82844,2.12
tilghman,8,82854,2.12
tretinoin,9,82867,2.12
unblocking,10,82881,2.12
usar,4,82892,2.12
waley,5,82906,2.12
wend,4,82917,2.12
windu,5,82927,2.12
wriggled,8,82938,2.12
yvon,4,82950,2.12
agog,4,82970,2.11
allergist,9,82982,2.11
anju,4,82996,2.11
arslan,6,83006,2.11
aylward,7,83020,2.11
banh,4,83032,2.11
beadwork,8,83043,2.11
blowhole,8,83056,2.11
bourdon,7,83068,2.11
bulmer,6,83081,2.11
caltrain,8,83093,2.11
ceremonially,12,83105,2.11
chowing,7,83115,2.11
colloids,8,83127,2.11
convexity,9,83143,2.11
cvp,3,83155,2.11
defacto,7,83169,2.11
dhoom,5,83184,2.11
dokkan,6,83195,2.11
duplications,12,83206,2.11
enought,7,83219,2.11
exonerating,11,83232,2.11
ferriss,7,83245,2.11
foraminifera,12,83256,2.11
fye,3,83267,2.11
geophysicist,12,83280,2.11
gns,3,83290,2.11
greenough,9,83302,2.11
hamzah,6,83314,2.11
harmonically,12,83324,2.11
heredia,7,83337,2.11
hoochie,7,83348,2.11
idealization,12,83359,2.11
insigne,7,83374,2.11
jepson,6,83386,2.11
kagami,6,83396,2.11
kerrie,6,83409,2.11
kiting,6,83421,2.11
kuban,5,83432,2.11
laudatory,9,83445,2.11
lgbtqia,7,83456,2.11
looove,6,83467,2.11
macd,4,83478,2.11
maracas,7,83490,2.11
melayu,6,83503,2.11
mexicano,8,83516,2.11
monoclinic,10,83528,2.11
mucha,5,83539,2.11
neediness,9,83551,2.11
novena,6,83564,2.11
opprobrium,10,83576,2.11
overachiever,12,83587,2.11
parasols,8,83602,2.11
peppering,9,83612,2.11
pib,3,83624,2.11
poston,6,83635,2.11
puli,4,83649,2.11
ratcliff,8,83660,2.11
remediate,9,83672,2.11
retread,7,83682,2.11
ruddock,7,83694,2.11
sandinistas,11,83707,2.11
schiaparelli,12,83717,2.11
seamstresses,12,83728,2.11
shearling,9,83740,2.11
siler,5,83751,2.11
sng,3,83763,2.11
splashdown,10,83775,2.11
struve,6,83785,2.11
sweeny,6,83797,2.11
tensioning,10,83810,2.11
timespan,8,83822,2.11
tribesman,9,83835,2.11
tutus,5,83847,2.11
unexpressed,11,83858,2.11
verbier,7,83872,2.11
waid,4,83884,2.11
wideman,7,83895,2.11
withe,5,83906,2.11
yeomans,7,83919,2.11
abdelaziz,9,83943,2.1
akins,5,83957,2.1
angostura,9,83969,2.1
asco,4,83981,2.1
baekje,6,83995,2.1
beachwood,9,84006,2.1
beri,4,84016,2.1
birders,7,84029,2.1
boonies,7,84041,2.1
brubeck,7,84052,2.1
cannibalize,11,84063,2.1
catched,7,84075,2.1
charmian,8,84087,2.1
choudhary,9,84098,2.1
continence,10,84116,2.1
cringes,7,84127,2.1
dairying,8,84141,2.1
deakins,7,84154,2.1
diatom,6,84167,2.1
dopes,5,84183,2.1
edel,4,84199,2.1
ennio,5,84212,2.1
etruria,7,84223,2.1
fatiguing,9,84236,2.1
fidler,6,84248,2.1
followin,8,84262,2.1
fti,3,84274,2.1
gbps,4,84288,2.1
gillie,6,84300,2.1
gotg,4,84311,2.1
gtb,3,84322,2.1
halitosis,9,84335,2.1
heliopolis,10,84346,2.1
hinojosa,8,84359,2.1
hota,4,84371,2.1
illya,5,84384,2.1
insensible,10,84395,2.1
jaron,5,84408,2.1
jorgen,6,84418,2.1
kieren,6,84429,2.1
kurtzman,8,84440,2.1
learjet,7,84454,2.1
lippert,7,84466,2.1
mable,5,84478,2.1
maribel,7,84491,2.1
megabits,8,84502,2.1
miers,5,84515,2.1
mistrusted,10,84526,2.1
multifarious,12,84538,2.1
nays,4,84551,2.1
nul,3,84563,2.1
odense,6,84578,2.1
oswaldo,7,84591,2.1
pepito,6,84604,2.1
platteville,11,84615,2.1
precis,6,84626,2.1
purpura,7,84637,2.1
rajputs,7,84649,2.1
recieving,9,84662,2.1
reinvents,9,84674,2.1
rimsky,6,84687,2.1
rosella,7,84698,2.1
sackler,7,84708,2.1
scotto,6,84722,2.1
sepoy,5,84734,2.1
shuriken,8,84747,2.1
slosh,5,84758,2.1
spiros,6,84771,2.1
steeled,7,84783,2.1
sundowns,8,84798,2.1
synched,7,84811,2.1
terabyte,8,84823,2.1
toyoda,6,84835,2.1
twitpic,7,84849,2.1
unadjusted,10,84859,2.1
vainglory,9,84874,2.1
viswanathan,11,84886,2.1
waterboy,8,84897,2.1
whyalla,7,84909,2.1
wtb,3,84921,2.1
yiannopoulos,12,84931,2.1
abysmally,9,84951,2.09
afonso,6,84964,2.09
alvi,4,84974,2.09
antananarivo,12,84985,2.09
arisa,5,84996,2.09
avaya,5,85006,2.09
bandgap,7,85017,2.09
beene,5,85028,2.09
bissett,7,85038,2.09
boonville,9,85049,2.09
breading,8,85061,2.09
bungo,5,85073,2.09
capuano,7,85086,2.09
celle,5,85100,2.09
chichen,7,85111,2.09
colonnades,10,85124,2.09
crossers,8,85140,2.09
dala,4,85152,2.09
denn,4,85165,2.09
dioxins,7,85177,2.09
doubtlessly,11,85191,2.09
dunston,7,85204,2.09
emmie,5,85216,2.09
eqt,3,85227,2.09
falmer,6,85239,2.09
fiv,3,85250,2.09
formwork,8,85261,2.09
gabel,5,85275,2.09
gfr,3,85289,2.09
goodhue,7,85299,2.09
guglielmo,9,85312,2.09
hansson,7,85324,2.09
heaths,6,85335,2.09
homegirl,8,85346,2.09
hypes,5,85357,2.09
indecently,10,85370,2.09
janel,5,85386,2.09
joby,4,85396,2.09
karimi,6,85408,2.09
klansmen,8,85419,2.09
kwak,4,85430,2.09
ledecky,7,85443,2.09
lightweights,12,85455,2.09
luise,5,85467,2.09
maler,5,85480,2.09
markit,6,85492,2.09
mccombs,7,85503,2.09
metrosexual,11,85516,2.09
modelers,8,85529,2.09
motioning,9,85541,2.09
nadella,7,85554,2.09
negeri,6,85566,2.09
nisei,5,85578,2.09
nue,3,85589,2.09
osbert,6,85604,2.09
paks,4,85617,2.09
patri,5,85630,2.09
phir,4,85645,2.09
plumping,8,85655,2.09
promethean,10,85666,2.09
rabobank,8,85680,2.09
reabsorbed,10,85691,2.09
resected,8,85705,2.09
romsey,6,85717,2.09
rvd,3,85729,2.09
saori,5,85743,2.09
semifinalist,12,85759,2.09
shl,3,85770,2.09
skyscanner,10,85782,2.09
sopping,7,85795,2.09
squiggle,8,85806,2.09
subalpine,9,85820,2.09
suzerainty,10,85832,2.09
tancredi,8,85844,2.09
thousandths,11,85856,2.09
toscano,7,85868,2.09
ukiah,5,85879,2.09
unisys,6,85892,2.09
vania,5,85903,2.09
viney,5,85915,2.09
waitangi,8,85927,2.09
westbourne,10,85938,2.09
wonderboy,9,85949,2.09
zhe,3,85961,2.09
afew,4,85991,2.08
amadeo,6,86002,2.08
anupam,6,86017,2.08
asiana,6,86030,2.08
bagong,6,86040,2.08
bcn,3,86053,2.08
beyblade,8,86064,2.08
blighty,7,86075,2.08
broglie,7,86087,2.08
bushell,7,86098,2.08
carmakers,9,86111,2.08
cerise,6,86124,2.08
chicopee,8,86136,2.08
clomid,6,86151,2.08
corday,6,86165,2.08
cribbage,8,86177,2.08
deactivates,11,86193,2.08
detent,6,86206,2.08
doest,5,86219,2.08
dwr,3,86230,2.08
elbridge,8,86242,2.08
estefan,7,86254,2.08
fanduel,7,86266,2.08
flashmob,8,86280,2.08
friezes,7,86293,2.08
gastrectomy,11,86305,2.08
gracey,6,86320,2.08
haeckel,7,86333,2.08
hatted,6,86343,2.08
hibernia,8,86355,2.08
homophones,10,86365,2.08
incharge,8,86376,2.08
interceded,10,86388,2.08
jawbreaker,10,86399,2.08
jugg,4,86413,2.08
kijiji,6,86425,2.08
kolchak,7,86436,2.08
lamellar,8,86448,2.08
lincolns,8,86461,2.08
lrp,3,86471,2.08
maidservant,11,86483,2.08
marquand,8,86496,2.08
megafauna,9,86506,2.08
ministership,12,86518,2.08
mooching,8,86530,2.08
multiplexer,11,86541,2.08
narvik,6,86554,2.08
niti,4,86569,2.08
ntl,3,86579,2.08
olmec,5,86594,2.08
outshone,8,86605,2.08
paynter,7,86618,2.08
phl,3,86630,2.08
poder,5,86641,2.08
presbyter,9,86654,2.08
pulsations,10,86666,2.08
ransoms,7,86677,2.08
remastering,11,86689,2.08
rickenbacker,12,86702,2.08
sabri,5,86714,2.08
satcom,6,86724,2.08
senedd,6,86737,2.08
shizuka,7,86750,2.08
skinnies,8,86760,2.08
snowboards,10,86771,2.08
sree,4,86785,2.08
stell,5,86795,2.08
sule,4,86806,2.08
switchover,10,86819,2.08
taluka,6,86829,2.08
tehachapi,9,86841,2.08
ticky,5,86853,2.08
totaly,6,86863,2.08
tuitions,8,86875,2.08
unburned,8,86889,2.08
upm,3,86900,2.08
vauban,6,86912,2.08
virtualbox,10,86923,2.08
warty,5,86936,2.08
whidbey,7,86947,2.08
woud,4,86961,2.08
youngman,8,86971,2.08
abramowitz,10,86998,2.07
aln,3,87011,2.07
aquaponics,10,87025,2.07
assignation,11,87036,2.07
balad,5,87048,2.07
beautified,10,87062,2.07
bidi,4,87073,2.07
blag,4,87086,2.07
brasher,7,87096,2.07
bwa,3,87108,2.07
caseworkers,11,87120,2.07
chekov,6,87130,2.07
cineworld,9,87142,2.07
cojones,7,87154,2.07
coronas,7,87167,2.07
cully,5,87179,2.07
ddb,3,87190,2.07
deselect,8,87203,2.07
dilley,6,87215,2.07
drac,4,87229,2.07
ectoplasm,9,87241,2.07
emulsified,10,87252,2.07
exorcists,9,87268,2.07
fergal,6,87279,2.07
fluffing,8,87292,2.07
fus,3,87304,2.07
gelfand,7,87318,2.07
godoy,5,87330,2.07
gurren,6,87342,2.07
haribo,6,87354,2.07
histograms,10,87367,2.07
hotstar,7,87377,2.07
hydrofluoric,12,87389,2.07
initializing,12,87400,2.07
ithink,6,87411,2.07
jira,4,87423,2.07
kallis,6,87434,2.07
kents,5,87444,2.07
kimberlite,10,87455,2.07
koopa,5,87466,2.07
lapham,6,87478,2.07
licentious,10,87489,2.07
longitudes,10,87500,2.07
mafias,6,87516,2.07
marcion,7,87527,2.07
mckenney,8,87539,2.07
menken,6,87551,2.07
mircea,6,87564,2.07
moai,4,87577,2.07
moyles,6,87588,2.07
nard,4,87600,2.07
nmm,3,87611,2.07
nyborg,6,87622,2.07
opeth,5,87635,2.07
overman,7,87646,2.07
pash,4,87657,2.07
perrie,6,87668,2.07
pisani,6,87681,2.07
popish,6,87691,2.07
pressurize,10,87703,2.07
puckering,9,87718,2.07
qwest,5,87729,2.07
redditor,8,87743,2.07
reprimanding,12,87755,2.07
robinho,7,87767,2.07
runciman,8,87779,2.07
sasso,5,87791,2.07
seda,4,87802,2.07
sherds,6,87815,2.07
sildenafil,10,87827,2.07
skyrockets,10,87837,2.07
sophomoric,10,87848,2.07
sportster,9,87859,2.07
strickler,9,87871,2.07
swindell,8,87884,2.07
tarsal,6,87895,2.07
tilburg,7,87906,2.07
trebuchet,9,87921,2.07
typists,7,87932,2.07
unevenness,10,87942,2.07
uws,3,87955,2.07
veolia,6,87967,2.07
wafts,5,87980,2.07
windies,7,87992,2.07
yeoh,4,88005,2.07
zuid,4,88015,2.07
aimer,5,88036,2.06
amelioration,12,88048,2.06
applewhite,10,88059,2.06
assen,5,88070,2.06
baan,4,88085,2.06
bareilly,8,88095,2.06
benchmarked,11,88109,2.06
biermann,8,88122,2.06
blustering,10,88132,2.06
bouton,6,88143,2.06
btk,3,88156,2.06
calvino,7,88170,2.06
carron,6,88183,2.06
chesham,7,88197,2.06
civilize,8,88207,2.06
coinsurance,11,88220,2.06
creepiness,10,88237,2.06
dasa,4,88249,2.06
demoed,6,88261,2.06
dilworth,8,88274,2.06
doorkeeper,10,88287,2.06
edgewise,8,88299,2.06
eua,3,88315,2.06
fani,4,88326,2.06
fisc,4,88338,2.06
fna,3,88348,2.06
ftt,3,88360,2.06
garou,5,88371,2.06
gion,4,88381,2.06
gort,4,88395,2.06
hames,5,88407,2.06
henke,5,88418,2.06
honiara,7,88431,2.06
hysteric,8,88443,2.06
imlay,5,88453,2.06
interlaken,10,88467,2.06
janu,4,88482,2.06
kalos,5,88493,2.06
klug,4,88507,2.06
koval,5,88518,2.06
leafless,8,88528,2.06
lish,4,88542,2.06
lulling,7,88555,2.06
mago,4,88568,2.06
marah,5,88579,2.06
maximalist,10,88591,2.06
mentos,6,88602,2.06
missoni,7,88618,2.06
mutinied,8,88632,2.06
narratively,11,88645,2.06
nonsmokers,10,88657,2.06
occultation,11,88670,2.06
paintballs,10,88682,2.06
paver,5,88695,2.06
petunias,8,88707,2.06
pmf,3,88719,2.06
precure,7,88731,2.06
psychomotor,11,88745,2.06
quintal,7,88756,2.06
reconquest,10,88769,2.06
reveries,8,88780,2.06
rosebank,8,88790,2.06
salable,7,88805,2.06
saybrook,8,88817,2.06
scotti,6,88828,2.06
shap,4,88840,2.06
sikander,8,88852,2.06
slammin,7,88863,2.06
spanglish,9,88877,2.06
stripy,6,88891,2.06
swazi,5,88904,2.06
teg,3,88917,2.06
thwack,6,88928,2.06
touma,5,88939,2.06
trombonist,10,88950,2.06
uemura,6,88964,2.06
uoc,3,88978,2.06
vasu,4,88989,2.06
vsa,3,89002,2.06
wavelets,8,89012,2.06
wildfowl,8,89023,2.06
yey,3,89034,2.06
abdicating,10,89063,2.05
adenomas,8,89075,2.05
albumen,7,89086,2.05
alyce,5,89097,2.05
arbors,6,89108,2.05
aude,4,89122,2.05
bardic,6,89133,2.05
beckerman,9,89144,2.05
bhk,3,89155,2.05
biss,4,89166,2.05
boyega,6,89177,2.05
brossard,8,89189,2.05
cariboo,7,89202,2.05
cerezo,6,89213,2.05
chondroitin,11,89226,2.05
clacking,8,89237,2.05
compl,5,89250,2.05
crossdresser,12,89264,2.05
dachshunds,10,89275,2.05
deshpande,9,89288,2.05
disses,6,89301,2.05
dunia,5,89314,2.05
endothermic,11,89328,2.05
evelyne,7,89339,2.05
feig,4,89351,2.05
flatlands,9,89364,2.05
fouquet,7,89374,2.05
gaan,4,89389,2.05
giantess,8,89400,2.05
gourlay,7,89410,2.05
gundlach,8,89422,2.05
handsy,6,89434,2.05
heartwood,9,89445,2.05
hoagland,8,89457,2.05
hozier,6,89468,2.05
ilorin,6,89479,2.05
jades,5,89494,2.05
jse,3,89507,2.05
kelman,6,89518,2.05
kootenai,8,89530,2.05
lauro,5,89541,2.05
lincs,5,89553,2.05
longe,5,89564,2.05
macdonnell,10,89578,2.05
mainichi,8,89588,2.05
manzanita,9,89599,2.05
mauch,5,89610,2.05
melanocytes,11,89622,2.05
misapplied,10,89639,2.05
mostert,7,89653,2.05
nabs,4,89664,2.05
netware,7,89676,2.05
novela,6,89690,2.05
oddie,5,89700,2.05
orne,4,89711,2.05
palimpsest,10,89726,2.05
parotid,7,89736,2.05
pelley,6,89747,2.05
picatinny,9,89759,2.05
piti,4,89769,2.05
positrons,9,89781,2.05
preteens,8,89794,2.05
puntland,8,89806,2.05
rainfalls,9,89818,2.05
republika,9,89831,2.05
rippers,7,89841,2.05
saat,4,89855,2.05
scallion,8,89867,2.05
seaplanes,9,89878,2.05
serotype,8,89891,2.05
shoshana,8,89903,2.05
slickers,8,89913,2.05
soos,4,89926,2.05
starin,6,89941,2.05
suborder,8,89953,2.05
surveilled,10,89965,2.05
tarly,5,89978,2.05
thapar,6,89989,2.05
tpt,3,90001,2.05
twitterverse,12,90012,2.05
unprompted,10,90026,2.05
vds,3,90037,2.05
vot,3,90051,2.05
whatta,6,90063,2.05
wynyard,7,90077,2.05
zajac,5,90088,2.05
abraxas,7,90108,2.04
akbari,6,90119,2.04
ambridge,8,90131,2.04
anticlimax,10,90143,2.04
assem,5,90155,2.04
babatunde,9,90168,2.04
barometers,10,90179,2.04
beguile,7,90192,2.04
bho,3,90204,2.04
blucher,7,90214,2.04
brewin,6,90226,2.04
burges,6,90237,2.04
cahokia,7,90248,2.04
carmi,5,90259,2.04
cawdor,6,90270,2.04
cheeseman,9,90280,2.04
cipriano,8,90291,2.04
comicon,7,90303,2.04
coss,4,90316,2.04
curwen,6,90331,2.04
degradable,10,90345,2.04
derricks,8,90357,2.04
distil,6,90371,2.04
dph,3,90382,2.04
dvs,3,90393,2.04
elodie,6,90405,2.04
erl,3,90417,2.04
executables,11,90429,2.04
federici,8,90443,2.04
foon,4,90453,2.04
galeria,7,90467,2.04
gera,4,90478,2.04
gonadal,7,90488,2.04
grindcore,9,90502,2.04
hachiman,8,90515,2.04
hastens,7,90526,2.04
hemolysis,9,90537,2.04
homi,4,90549,2.04
husqvarna,9,90559,2.04
incremented,11,90574,2.04
isengard,8,90591,2.04
juliano,7,90601,2.04
karon,5,90613,2.04
kitto,5,90627,2.04
kyl,3,90637,2.04
laurance,8,90649,2.04
lemos,5,90660,2.04
loreal,6,90672,2.04
machineguns,11,90684,2.04
mandelbrot,10,90695,2.04
matthiessen,11,90708,2.04
michu,5,90725,2.04
misconstrue,11,90737,2.04
mulaney,7,90748,2.04
neuilly,7,90763,2.04
nobuo,5,90777,2.04
obstinately,11,90789,2.04
optometric,10,90802,2.04
paavo,5,90814,2.04
passy,5,90824,2.04
phillipsburg,12,90836,2.04
pli,3,90848,2.04
preordering,11,90858,2.04
qatif,5,90871,2.04
rausch,6,90882,2.04
redruth,7,90892,2.04
rheingold,9,90905,2.04
rufc,4,90919,2.04
sambora,7,90931,2.04
scapa,5,90942,2.04
scullion,8,90954,2.04
sequestering,12,90965,2.04
shapps,6,90977,2.04
sidious,7,90988,2.04
slouched,8,90998,2.04
spiciness,9,91009,2.04
stata,5,91021,2.04
stw,3,91033,2.04
sutured,7,91047,2.04
tainan,6,91059,2.04
tinley,6,91070,2.04
traineeship,11,91082,2.04
tsim,4,91093,2.04
uncorrupted,11,91105,2.04
valentinian,11,91116,2.04
voluble,7,91130,2.04
webseries,9,91142,2.04
wud,3,91155,2.04
yooo,4,91168,2.04
zvezda,6,91179,2.04
admixtures,10,91204,2.03
alpa,4,91217,2.03
andujar,7,91227,2.03
araby,5,91240,2.03
aun,3,91253,2.03
balaban,7,91265,2.03
battersby,9,91276,2.03
berms,5,91289,2.03
bloodier,8,91300,2.03
bov,3,91312,2.03
busboy,6,91324,2.03
carboxy,7,91336,2.03
cheapened,9,91348,2.03
clevedon,8,91361,2.03
consumptive,11,91375,2.03
crackerjack,11,91387,2.03
dabbles,7,91400,2.03
demis,5,91412,2.03
diese,5,91424,2.03
doorframe,9,91437,2.03
drp,3,91449,2.03
edgefield,9,91461,2.03
enna,4,91472,2.03
faired,6,91486,2.03
fiendishly,10,91500,2.03
flocka,6,91510,2.03
fortnum,7,91521,2.03
friuli,6,91532,2.03
gamechanger,11,91543,2.03
gazan,5,91555,2.03
glamourous,10,91567,2.03
gwang,5,91582,2.03
hardscrabble,12,91596,2.03
hokum,5,91610,2.03
hypermarkets,12,91623,2.03
inflatables,11,91636,2.03
jacq,4,91651,2.03
jollies,7,91664,2.03
kameron,7,91677,2.03
keiichi,7,91688,2.03
kie,3,91699,2.03
kuroko,6,91710,2.03
landform,8,91723,2.03
leeza,5,91734,2.03
linney,6,91746,2.03
lucida,6,91759,2.03
makeout,7,91770,2.03
mathematic,10,91782,2.03
meriam,6,91793,2.03
minka,5,91806,2.03
moodiness,9,91819,2.03
multiscale,10,91831,2.03
nbt,3,91847,2.03
nill,4,91858,2.03
nre,3,91870,2.03
omnes,5,91880,2.03
ovaltine,8,91891,2.03
parikh,6,91903,2.03
peripheries,11,91915,2.03
plotinus,8,91926,2.03
primula,7,91937,2.03
proselytize,11,91948,2.03
queda,5,91961,2.03
ravenscroft,11,91976,2.03
removers,8,91987,2.03
rhodey,6,91998,2.03
rsf,3,92012,2.03
salcedo,7,92027,2.03
sare,4,92039,2.03
selamat,7,92051,2.03
shiksha,7,92062,2.03
sidemen,7,92073,2.03
snb,3,92085,2.03
spaceballs,10,92095,2.03
stinkers,8,92108,2.03
sugimoto,8,92120,2.03
tajiks,6,92133,2.03
thapa,5,92145,2.03
tinderbox,9,92158,2.03
townhomes,9,92170,2.03
tussock,7,92183,2.03
unseal,6,92197,2.03
valvular,8,92208,2.03
viridis,7,92220,2.03
wantage,7,92236,2.03
willetts,8,92246,2.03
wtp,3,92258,2.03
yok,3,92269,2.03
ablutions,9,92299,2.02
airedale,8,92313,2.02
allll,5,92325,2.02
anarchistic,11,92336,2.02
artaxerxes,10,92348,2.02
azpilicueta,11,92359,2.02
battelle,8,92371,2.02
bif,3,92386,2.02
bobrovsky,9,92397,2.02
bricking,8,92408,2.02
burnsville,10,92421,2.02
carabao,7,92431,2.02
channa,6,92443,2.02
ciera,5,92458,2.02
clovelly,8,92469,2.02
conagra,7,92483,2.02
cradock,7,92496,2.02
cybersex,8,92507,2.02
ddi,3,92518,2.02
dices,5,92530,2.02
doeth,5,92542,2.02
dugald,6,92554,2.02
eliana,6,92568,2.02
erat,4,92581,2.02
extrusions,10,92593,2.02
fermor,6,92605,2.02
flinty,6,92615,2.02
frommer,7,92626,2.02
genotyping,10,92639,2.02
gluons,6,92650,2.02
graceless,9,92661,2.02
gyo,3,92672,2.02
hersch,6,92685,2.02
horrifyingly,12,92700,2.02
imhotep,7,92712,2.02
innervate,9,92725,2.02
isotonic,8,92738,2.02
jogi,4,92749,2.02
kays,4,92761,2.02
kirilenko,9,92774,2.02
kumara,6,92786,2.02
lathan,6,92796,2.02
lineout,7,92807,2.02
louden,6,92819,2.02
madoc,5,92833,2.02
marja,5,92846,2.02
mediumship,10,92859,2.02
microcredit,11,92871,2.02
misquote,8,92884,2.02
msdn,4,92896,2.02
nachman,7,92910,2.02
ngoc,4,92921,2.02
nmb,3,92932,2.02
numbingly,9,92943,2.02
ormerod,7,92957,2.02
paiva,5,92971,2.02
partha,6,92981,2.02
perfidy,7,92993,2.02
phosphine,9,93005,2.02
plagiarised,11,93018,2.02
pono,4,93031,2.02
programa,8,93042,2.02
queenslander,12,93053,2.02
reabsorption,12,93067,2.02
reman,5,93079,2.02
riverdance,10,93090,2.02
rubus,5,93101,2.02
sanda,5,93114,2.02
scolari,7,93125,2.02
setsuna,7,93137,2.02
sibilant,8,93150,2.02
slappy,6,93160,2.02
sopra,5,93172,2.02
staton,6,93184,2.02
streaker,8,93195,2.02
suwannee,8,93207,2.02
taussig,7,93218,2.02
thant,5,93231,2.02
torques,7,93244,2.02
tremulous,9,93256,2.02
turrell,7,93267,2.02
unfulfilling,12,93280,2.02
vco,3,93292,2.02
vitter,6,93305,2.02
warfighting,11,93316,2.02
windfalls,9,93330,2.02
xxxviii,7,93342,2.02
zinnia,6,93353,2.02
agnus,5,93377,2.01
alongwith,9,93389,2.01
antivenom,9,93400,2.01
arrowverse,10,93412,2.01
bactericidal,12,93423,2.01
bankside,8,93435,2.01
bartomeu,8,93446,2.01
bethea,6,93461,2.01
bivariate,9,93473,2.01
bookselling,11,93484,2.01
bricklaying,11,93497,2.01
bwh,3,93510,2.01
castanets,9,93523,2.01
chanteuse,9,93536,2.01
cichlid,7,93548,2.01
coiffure,8,93562,2.01
costars,7,93575,2.01
ctg,3,93587,2.01
datacenters,11,93600,2.01
deoxy,5,93613,2.01
dmu,3,93626,2.01
draggin,7,93637,2.01
effectually,11,93651,2.01
employments,11,93664,2.01
europcar,8,93675,2.01
faried,6,93687,2.01
fitts,5,93699,2.01
footholds,9,93709,2.01
fulda,5,93720,2.01
gergen,6,93733,2.01
globules,8,93743,2.01
granuloma,9,93755,2.01
guttenberg,10,93768,2.01
hande,5,93778,2.01
hmmmmmm,7,93793,2.01
hummers,7,93807,2.01
idles,5,93820,2.01
intex,5,93835,2.01
iweala,6,93846,2.01
jati,4,93857,2.01
kalamata,8,93870,2.01
kob,3,93883,2.01
ladino,6,93894,2.01
lavalle,7,93906,2.01
linford,7,93920,2.01
locational,10,93930,2.01
luntz,5,93941,2.01
marcotte,8,93955,2.01
maybury,7,93965,2.01
mealworms,9,93978,2.01
mez,3,93991,2.01
mixologist,10,94005,2.01
muro,4,94018,2.01
napo,4,94029,2.01
necessaries,11,94039,2.01
nickie,6,94050,2.01
noura,5,94062,2.01
olio,4,94073,2.01
outcroppings,12,94086,2.01
panhellenic,11,94099,2.01
pendejo,7,94110,2.01
pinson,6,94123,2.01
ponti,5,94135,2.01
promethazine,12,94146,2.01
quisling,8,94159,2.01
raws,4,94171,2.01
rencontre,9,94185,2.01
rigueur,7,94198,2.01
rul,3,94210,2.01
saric,5,94224,2.01
seme,4,94240,2.01
shitted,7,94253,2.01
skimping,8,94263,2.01
spano,5,94275,2.01
steppers,8,94287,2.01
subglacial,10,94298,2.01
swanwick,8,94309,2.01
tastemakers,11,94323,2.01
tillers,7,94339,2.01
topline,7,94351,2.01
tubed,5,94365,2.01
tyrolean,8,94375,2.01
unrewarded,10,94391,2.01
vandana,7,94405,2.01
vocalized,9,94415,2.01
webmasters,10,94426,2.01
wiggs,5,94438,2.01
wpg,3,94449,2.01
youngish,8,94461,2.01
absurdum,8,94485,2.0
ahc,3,94498,2.0
allgood,7,94511,2.0
animist,7,94521,2.0
ashbrook,8,94536,2.0
azizi,5,94549,2.0
balogun,7,94561,2.0
bayfront,8,94573,2.0
bermudian,9,94586,2.0
biotite,7,94596,2.0
bledisloe,9,94608,2.0
boyars,6,94619,2.0
bronchi,7,94630,2.0
caetano,7,94642,2.0
carder,6,94654,2.0
cere,4,94667,2.0
christianson,12,94679,2.0
coble,5,94690,2.0
concordant,10,94701,2.0
countrys,8,94716,2.0
ctb,3,94730,2.0
danna,5,94741,2.0
dehumanising,12,94753,2.0
dethroning,10,94764,2.0
dinan,5,94774,2.0
doddle,6,94785,2.0
dubnyk,6,94797,2.0
ebbw,4,94808,2.0
eif,3,94820,2.0
enlightens,10,94832,2.0
evatt,5,94843,2.0
feedlot,7,94855,2.0
flitted,7,94866,2.0
furr,4,94876,2.0
gearshift,9,94887,2.0
gmelin,6,94900,2.0
gropes,6,94911,2.0
haarp,5,94923,2.0
hausdorff,9,94935,2.0
hessen,6,94946,2.0
hopson,6,94958,2.0
hve,3,94970,2.0
iheartmedia,11,94980,2.0
interpolate,11,94997,2.0
izzat,5,95012,2.0
jey,3,95023,2.0
kidwell,7,95036,2.0
kodama,6,95047,2.0
landowning,10,95057,2.0
ledyard,7,95069,2.0
limpets,7,95081,2.0
lynchpin,8,95093,2.0
mahomet,7,95104,2.0
mayumi,6,95117,2.0
memorandums,11,95127,2.0
mihai,5,95138,2.0
mitogen,7,95149,2.0
mottos,6,95159,2.0
mylene,6,95171,2.0
nestles,7,95183,2.0
nomar,5,95195,2.0
odium,5,95208,2.0
originations,12,95221,2.0
palustris,9,95233,2.0
passi,5,95244,2.0
pequot,6,95256,2.0
pheonix,7,95266,2.0
pmu,3,95278,2.0
postulating,11,95290,2.0
prophesying,11,95302,2.0
puth,4,95313,2.0
rattata,7,95327,2.0
reoffending,11,95338,2.0
ripp,4,95350,2.0
rother,6,95361,2.0
sadio,5,95372,2.0
schefter,8,95384,2.0
sensually,9,95397,2.0
sicario,7,95411,2.0
skillsets,9,95422,2.0
softshell,9,95432,2.0
stallard,8,95445,2.0
stratfor,8,95459,2.0
sunstein,8,95472,2.0
taconic,7,95485,2.0
tcb,3,95499,2.0
therm,5,95510,2.0
togs,4,95523,2.0
trew,4,95534,2.0
ucmj,4,95547,2.0
unr,3,95562,2.0
varuna,6,95573,2.0
vinifera,8,95585,2.0
waseem,6,95597,2.0
whoso,5,95610,2.0
yarnell,7,95620,2.0
aadhar,6,95646,1.99
afn,3,95661,1.99
alfonzo,7,95672,1.99
antica,6,95684,1.99
asocial,7,95698,1.99
automat,7,95709,1.99
baldi,5,95722,1.99
beerus,6,95733,1.99
bink,4,95744,1.99
bonanno,7,95755,1.99
brillante,9,95766,1.99
buckfast,8,95777,1.99
caci,4,95788,1.99
carload,7,95799,1.99
catrin,6,95809,1.99
chis,4,95822,1.99
coaling,7,95835,1.99
colli,5,95845,1.99
coto,4,95856,1.99
cuckolding,10,95867,1.99
darkies,7,95879,1.99
defrocked,9,95890,1.99
dilaurentis,11,95903,1.99
doodled,7,95915,1.99
earthers,8,95927,1.99
endotoxin,9,95938,1.99
eul,3,95948,1.99
farlow,6,95960,1.99
fincham,7,95972,1.99
folha,5,95982,1.99
fyre,4,95994,1.99
gbl,3,96007,1.99
gossiped,8,96019,1.99
haga,4,96033,1.99
helbig,6,96045,1.99
heyes,5,96055,1.99
huk,3,96067,1.99
incel,5,96081,1.99
irredeemably,12,96093,1.99
joeys,5,96105,1.99
kangana,7,96116,1.99
kielbasa,8,96126,1.99
kotter,6,96140,1.99
laminin,7,96151,1.99
lebo,4,96161,1.99
liya,4,96172,1.99
macnab,6,96183,1.99
mankiewicz,10,96193,1.99
masten,6,96206,1.99
mcwhorter,9,96217,1.99
mij,3,96230,1.99
monge,5,96244,1.99
moulting,8,96255,1.99
nannie,6,96269,1.99
neuve,5,96283,1.99
nouveaux,8,96296,1.99
ohanian,7,96308,1.99
orvis,5,96321,1.99
paire,5,96332,1.99
pdu,3,96346,1.99
pinprick,8,96358,1.99
portioned,9,96370,1.99
pten,4,96384,1.99
rattigan,8,96396,1.99
repast,6,96407,1.99
rmn,3,96421,1.99
rpd,3,96432,1.99
saltillo,8,96445,1.99
scrutinising,12,96456,1.99
servius,7,96467,1.99
sheil,5,96477,1.99
slimeball,9,96488,1.99
spacemen,8,96501,1.99
steelbook,9,96512,1.99
streamflow,10,96523,1.99
swainson,8,96535,1.99
tampines,8,96547,1.99
tenens,6,96560,1.99
tiebreakers,11,96574,1.99
tossers,7,96584,1.99
truelove,8,96597,1.99
ubiquitously,12,96608,1.99
unselfishly,11,96619,1.99
vaporeon,8,96631,1.99
vireo,5,96642,1.99
walzer,6,96653,1.99
whiffs,6,96665,1.99
yamanaka,8,96678,1.99
zio,3,96689,1.99
adesanya,8,96714,1.98
allsopp,7,96727,1.98
archana,7,96740,1.98
auricular,9,96753,1.98
barristan,9,96765,1.98
bhel,4,96776,1.98
blahnik,7,96787,1.98
bramhall,8,96798,1.98
brunetti,8,96809,1.98
buz,3,96821,1.98
carillo,7,96836,1.98
cerny,5,96847,1.98
chitral,7,96860,1.98
colima,6,96873,1.98
cornball,8,96887,1.98
currey,6,96904,1.98
dedi,4,96918,1.98
detoxifying,11,96930,1.98
dismutase,9,96944,1.98
dreamless,9,96956,1.98
dweebs,6,96967,1.98
effi,4,96979,1.98
endearingly,11,96992,1.98
ethnologist,11,97002,1.98
fagot,5,97015,1.98
firstenergy,11,97026,1.98
flowerpot,9,97036,1.98
fsl,3,97048,1.98
geon,4,97061,1.98
goodhart,8,97073,1.98
gunsmoke,8,97084,1.98
hashi,5,97096,1.98
hiddink,7,97109,1.98
hul,3,97121,1.98
ifm,3,97136,1.98
interbreed,10,97146,1.98
jano,4,97159,1.98
jessamine,9,97171,1.98
kaddish,7,97181,1.98
keylogger,9,97193,1.98
koln,4,97206,1.98
lamellae,8,97217,1.98
lautenberg,10,97228,1.98
libidinous,10,97239,1.98
lohse,5,97249,1.98
malleus,7,97265,1.98
martz,5,97279,1.98
mcinnis,7,97291,1.98
meting,6,97304,1.98
minehead,8,97317,1.98
moraga,6,97327,1.98
mystically,10,97339,1.98
neuwirth,8,97352,1.98
nobbs,5,97363,1.98
obligingly,10,97378,1.98
orthopedist,11,97389,1.98
overfed,7,97399,1.98
panicum,7,97412,1.98
patchett,8,97422,1.98
petya,5,97434,1.98
polokwane,9,97447,1.98
propensities,12,97459,1.98
rabbani,7,97473,1.98
rehan,5,97485,1.98
rhel,4,97495,1.98
rosenwald,9,97507,1.98
salvi,5,97520,1.98
schurrle,8,97534,1.98
showbox,7,97548,1.98
smoltz,6,97559,1.98
sprat,5,97573,1.98
stoutly,7,97584,1.98
sucha,5,97595,1.98
swayamsevak,11,97607,1.98
tendentious,11,97619,1.98
tolu,4,97632,1.98
tranq,5,97644,1.98
tylor,5,97658,1.98
updater,7,97672,1.98
viasat,6,97683,1.98
wab,3,97694,1.98
wees,4,97706,1.98
whitmire,8,97716,1.98
woodhaven,9,97727,1.98
ziv,3,97741,1.98
adah,4,97760,1.97
aisne,5,97773,1.97
angelino,8,97785,1.97
aplin,5,97795,1.97
asea,4,97806,1.97
backflow,8,97818,1.97
balkh,5,97828,1.97
beignets,8,97839,1.97
bingen,6,97852,1.97
bohan,5,97865,1.97
breakwaters,11,97881,1.97
broz,4,97892,1.97
byford,6,97902,1.97
catabolic,9,97915,1.97
chamblee,8,97926,1.97
chinensis,9,97937,1.97
clerked,7,97949,1.97
conjunctive,11,97963,1.97
courseware,10,97975,1.97
cwl,3,97987,1.97
dawdle,6,97999,1.97
dementias,9,98010,1.97
diable,6,98022,1.97
divo,4,98035,1.97
duffie,6,98046,1.97
ege,3,98057,1.97
enderby,7,98070,1.97
erlbaum,7,98082,1.97
excellencies,12,98093,1.97
fairlane,8,98104,1.97
fiddlesticks,12,98115,1.97
flybe,5,98127,1.97
frivolously,11,98139,1.97
geely,5,98153,1.97
glibly,6,98165,1.97
gowers,6,98176,1.97
gyrations,9,98189,1.97
hanker,6,98200,1.97
heinze,6,98213,1.97
hobbie,6,98224,1.97
hypochondria,12,98236,1.97
inas,4,98250,1.97
inquisitions,12,98264,1.97
izumo,5,98277,1.97
jewess,6,98289,1.97
jpegs,5,98299,1.97
kazu,4,98310,1.97
khou,4,98323,1.97
koike,5,98333,1.97
kurti,5,98344,1.97
lank,4,98355,1.97
lemoyne,7,98365,1.97
litigators,10,98379,1.97
lowman,6,98391,1.97
machias,7,98401,1.97
mannie,6,98413,1.97
mauldin,7,98424,1.97
menander,8,98435,1.97
microform,9,98446,1.97
mokhtar,7,98459,1.97
muons,5,98473,1.97
navid,5,98486,1.97
noisey,6,98500,1.97
odbc,4,98512,1.97
oosthuizen,10,98523,1.97
overvalue,9,98533,1.97
partes,6,98544,1.97
perfective,10,98558,1.97
piggly,6,98571,1.97
polycarp,8,98584,1.97
prickles,8,98596,1.97
ptu,3,98608,1.97
quesnel,7,98619,1.97
reacquire,9,98631,1.97
rehomed,7,98642,1.97
rigsby,6,98655,1.97
rowett,6,98668,1.97
salwa,5,98679,1.97
scrapings,9,98690,1.97
septem,6,98702,1.97
shooing,7,98713,1.97
skolnick,8,98724,1.97
soissons,8,98737,1.97
stabby,6,98747,1.97
straightness,12,98759,1.97
superstores,11,98772,1.97
taxied,6,98785,1.97
thiopental,10,98798,1.97
tootie,6,98809,1.97
trincomalee,11,98820,1.97
tvr,3,98831,1.97
universelle,11,98844,1.97
ush,3,98854,1.97
vinatieri,9,98867,1.97
warrensburg,11,98878,1.97
whinny,6,98888,1.97
wriggles,8,98900,1.97
zab,3,98911,1.97
accost,6,98935,1.96
alegria,7,98948,1.96
amri,4,98962,1.96
anzhi,5,98973,1.96
aswad,5,98989,1.96
ballasts,8,99004,1.96
beatitude,9,99014,1.96
bfv,3,99025,1.96
blazblue,8,99039,1.96
borromeo,8,99049,1.96
buffalos,8,99062,1.96
caprio,6,99073,1.96
cauterized,10,99084,1.96
chequebook,10,99097,1.96
classis,7,99108,1.96
collisional,11,99119,1.96
crake,5,99135,1.96
curtsey,7,99147,1.96
dangote,7,99158,1.96
denticles,9,99171,1.96
diplomate,9,99182,1.96
doob,4,99195,1.96
easthampton,11,99209,1.96
endemol,7,99222,1.96
escudero,8,99233,1.96
faison,6,99249,1.96
fishel,6,99263,1.96
foolery,7,99273,1.96
freewheel,9,99286,1.96
funda,5,99297,1.96
gey,3,99308,1.96
grapefruits,11,99320,1.96
gunnarsson,10,99332,1.96
hassel,6,99345,1.96
hercegovina,11,99356,1.96
homoeopathic,12,99369,1.96
hpp,3,99379,1.96
ifit,4,99394,1.96
insomniacs,10,99408,1.96
jazmin,6,99422,1.96
junkrat,7,99434,1.96
kettlebells,11,99446,1.96
kleber,6,99457,1.96
kuipers,7,99468,1.96
lamberts,8,99478,1.96
leadenhall,10,99489,1.96
lifesize,8,99501,1.96
longhair,8,99512,1.96
madonnas,8,99525,1.96
maschine,8,99538,1.96
mckillop,8,99551,1.96
metalhead,9,99563,1.96
minge,5,99574,1.96
monopolist,10,99587,1.96
mukden,6,99598,1.96
nally,5,99609,1.96
nickolas,8,99620,1.96
nonsectarian,12,99632,1.96
odorous,7,99645,1.96
openoffice,10,99655,1.96
pahrump,7,99667,1.96
parsa,5,99678,1.96
pentatonix,10,99689,1.96
pice,4,99704,1.96
postgres,8,99717,1.96
prolegomena,11,99730,1.96
qashqai,7,99741,1.96
rce,3,99757,1.96
ricochets,9,99772,1.96
rollbacks,9,99783,1.96
rubel,5,99794,1.96
sakti,5,99805,1.96
satirizes,9,99816,1.96
scrimshaw,9,99828,1.96
sepulchral,10,99838,1.96
shoehorned,10,99853,1.96
siliguri,8,99864,1.96
sleepyhead,10,99874,1.96
specsavers,10,99887,1.96
steinmeier,10,99900,1.96
supermoon,9,99912,1.96
tappers,7,99924,1.96
thole,5,99935,1.96
tomographic,11,99946,1.96
tremlett,8,99957,1.96
umbro,5,99970,1.96
valiente,8,99984,1.96
verts,5,99995,1.96
vmc,3,100006,1.96
walgreen,8,100017,1.96
willl,5,100029,1.96
xslt,4,100042,1.96
zcash,5,100054,1.96
accies,6,100081,1.95
afsc,4,100094,1.95
alcuin,6,100106,1.95
anacortes,9,100118,1.95
antonioni,9,100134,1.95
arjan,5,100145,1.95
atreides,8,100156,1.95
bajrang,7,100169,1.95
barua,5,100179,1.95
benignly,8,100190,1.95
bifrost,7,100202,1.95
blomberg,8,100213,1.95
boxoffice,9,100224,1.95
bruch,5,100237,1.95
buzzsaw,7,100247,1.95
carolus,7,100259,1.95
celly,5,100270,1.95
chastening,10,100281,1.95
civile,6,100293,1.95
collymore,9,100306,1.95
continentals,12,100321,1.95
creb,4,100332,1.95
cupe,4,100346,1.95
deman,5,100358,1.95
dikshit,7,100371,1.95
doink,5,100385,1.95
droned,6,100395,1.95
eggheads,8,100408,1.95
englert,7,100418,1.95
fabricio,8,100433,1.95
finning,7,100448,1.95
fognini,7,100458,1.95
frigg,5,100469,1.95
fugues,6,100481,1.95
gela,4,100492,1.95
gowon,5,100503,1.95
gurugram,8,100515,1.95
harmonix,8,100525,1.95
heba,4,100537,1.95
heth,4,100550,1.95
hooton,6,100560,1.95
igad,4,100574,1.95
inanna,6,100586,1.95
ironsides,9,100600,1.95
jitendra,8,100614,1.95
kaiba,5,100625,1.95
katsumi,7,100635,1.95
koz,3,100647,1.95
laki,4,100659,1.95
leaches,7,100669,1.95
lorcan,6,100681,1.95
mairead,7,100693,1.95
marcher,7,100703,1.95
mccaughey,9,100715,1.95
miga,4,100729,1.95
mne,3,100741,1.95
moros,5,100752,1.95
nago,4,100767,1.95
niggles,7,100780,1.95
nvc,3,100793,1.95
ohta,4,100806,1.95
oppurtunity,11,100818,1.95
paintbrushes,12,100832,1.95
pennock,7,100846,1.95
pinos,5,100861,1.95
polyana,7,100874,1.95
priapism,8,100886,1.95
ptg,3,100899,1.95
rainsford,9,100913,1.95
redington,9,100927,1.95
rigaud,6,100943,1.95
rosaline,8,100954,1.95
safed,5,100967,1.95
sary,4,100978,1.95
schlep,6,100989,1.95
shahada,7,101003,1.95
shroom,6,101015,1.95
sirhan,6,101029,1.95
soko,4,101041,1.95
spheroidal,10,101051,1.95
stipendiary,11,101064,1.95
subreddits,10,101076,1.95
swappable,9,101087,1.95
tansey,6,101099,1.95
thrashes,8,101112,1.95
torontonians,12,101123,1.95
trn,3,101135,1.95
unbranched,10,101147,1.95
vah,3,101162,1.95
vermonters,10,101174,1.95
waitstaff,9,101186,1.95
waymo,5,101196,1.95
wheatsheaf,10,101208,1.95
wnyc,4,101220,1.95
yippie,6,101230,1.95
abortionist,11,101254,1.94
advowson,8,101265,1.94
allama,6,101278,1.94
anomie,6,101291,1.94
aslo,4,101304,1.94
bailes,6,101317,1.94
bartolome,9,101328,1.94
beke,4,101339,1.94
bhc,3,101350,1.94
bjd,3,101362,1.94
bonbons,7,101373,1.94
bremerhaven,11,101383,1.94
bushey,6,101396,1.94
canadien,8,101407,1.94
cbgb,4,101420,1.94
cheapening,10,101434,1.94
cirillo,7,101445,1.94
cocoanut,8,101457,1.94
cottingham,10,101471,1.94
crouton,7,101483,1.94
dbase,5,101495,1.94
denisov,7,101507,1.94
dimms,5,101517,1.94
doormats,8,101532,1.94
duguid,6,101545,1.94
edric,5,101560,1.94
emerita,7,101573,1.94
errington,9,101586,1.94
evos,4,101596,1.94
fassbinder,10,101610,1.94
flowcharts,10,101623,1.94
friberg,7,101634,1.94
gameloft,8,101647,1.94
giron,5,101664,1.94
goot,4,101674,1.94
guileless,9,101686,1.94
hanneman,8,101698,1.94
hellcats,8,101711,1.94
homestay,8,101722,1.94
ifor,4,101735,1.94
intell,6,101747,1.94
janssens,8,101763,1.94
jinxing,7,101775,1.94
kaneda,6,101787,1.94
kelpie,6,101798,1.94
kindler,7,101812,1.94
kriti,5,101822,1.94
laggards,8,101834,1.94
lelo,4,101845,1.94
lightship,9,101855,1.94
locs,4,101866,1.94
maad,4,101880,1.94
manquillo,9,101891,1.94
masturbatory,12,101902,1.94
mcguinty,8,101914,1.94
melter,6,101925,1.94
minicamp,8,101938,1.94
movimiento,10,101950,1.94
mychal,6,101963,1.94
nibiru,6,101979,1.94
nort,4,101990,1.94
nyheter,7,102002,1.94
orloff,6,102018,1.94
parasitoid,10,102030,1.94
philco,6,102043,1.94
pizzerias,9,102054,1.94
postie,6,102066,1.94
preterite,9,102077,1.94
quatermass,10,102091,1.94
ravenel,7,102103,1.94
reif,4,102116,1.94
rishis,6,102127,1.94
roxette,7,102139,1.94
sasi,4,102152,1.94
seing,5,102164,1.94
shaz,4,102177,1.94
sitdown,7,102191,1.94
sobek,5,102203,1.94
sprenger,8,102218,1.94
stereophonic,12,102229,1.94
sune,4,102242,1.94
tamerlan,8,102254,1.94
tetragonal,10,102265,1.94
toric,5,102276,1.94
tsunade,7,102291,1.94
ukelele,7,102301,1.94
upu,3,102314,1.94
varg,4,102325,1.94
vitas,5,102336,1.94
wakeful,7,102350,1.94
whitener,8,102361,1.94
xbone,5,102371,1.94
zarb,4,102382,1.94
adige,5,102407,1.93
aleem,5,102417,1.93
anhedonia,9,102431,1.93
arana,5,102444,1.93
athleta,7,102456,1.93
avion,5,102467,1.93
baptistery,10,102479,1.93
bekaa,5,102491,1.93
bioavailable,12,102503,1.93
bombe,5,102514,1.93
bulwarks,8,102527,1.93
byblos,6,102538,1.93
canford,7,102550,1.93
catechesis,10,102562,1.93
cfnm,4,102574,1.93
chincoteague,12,102585,1.93
cocina,6,102599,1.93
conjoint,8,102613,1.93
cosentino,9,102625,1.93
cuirass,7,102637,1.93
darron,6,102649,1.93
diii,4,102660,1.93
dolorosa,8,102676,1.93
duffin,6,102688,1.93
elbit,5,102699,1.93
eugenius,8,102712,1.93
facebooks,9,102725,1.93
fertilise,9,102736,1.93
floriana,8,102747,1.93
frakes,6,102760,1.93
galaxie,7,102771,1.93
gfk,3,102783,1.93
graeber,7,102798,1.93
groomsman,9,102808,1.93
hagi,4,102823,1.93
haymakers,9,102835,1.93
hirayama,8,102848,1.93
hornier,7,102859,1.93
hutter,6,102870,1.93
imrie,5,102883,1.93
isoleucine,10,102899,1.93
jev,3,102913,1.93
jvp,3,102926,1.93
kca,3,102940,1.93
kiso,4,102952,1.93
krays,5,102962,1.93
lasher,6,102974,1.93
leme,4,102985,1.93
longshoremen,12,102997,1.93
lyssa,5,103008,1.93
malvina,7,103020,1.93
marcial,7,103031,1.93
mauresmo,8,103042,1.93
metrodome,9,103054,1.93
mohanlal,8,103067,1.93
moveon,6,103080,1.93
mutability,10,103092,1.93
newscasters,11,103104,1.93
noora,5,103116,1.93
okonkwo,7,103130,1.93
outgassing,10,103140,1.93
pando,5,103151,1.93
pegula,6,103163,1.93
perls,5,103173,1.93
piccard,7,103185,1.93
podgorica,9,103196,1.93
printables,10,103209,1.93
questioners,11,103224,1.93
ravichandran,12,103237,1.93
relaxers,8,103247,1.93
rgv,3,103258,1.93
rubina,6,103270,1.93
saez,4,103281,1.93
saur,4,103292,1.93
scouser,7,103303,1.93
semmes,6,103313,1.93
shenhua,7,103324,1.93
sideboards,10,103335,1.93
sixths,6,103345,1.93
sobieski,8,103356,1.93
stampeded,9,103367,1.93
strainers,9,103377,1.93
suffragist,10,103389,1.93
symbiotes,9,103400,1.93
tatra,5,103413,1.93
thise,5,103425,1.93
tongass,7,103436,1.93
triadic,7,103449,1.93
twinkly,7,103460,1.93
unionizing,10,103472,1.93
uro,3,103483,1.93
vieques,7,103494,1.93
walesa,6,103506,1.93
whalebone,9,103517,1.93
wolter,6,103529,1.93
wsi,3,103539,1.93
zagora,6,103550,1.93
zyklon,6,103561,1.93
adjudicatory,12,103590,1.92
aleve,5,103602,1.92
anadromous,10,103615,1.92
arete,5,103627,1.92
attr,4,103639,1.92
baiter,6,103651,1.92
barna,5,103661,1.92
bedspreads,10,103673,1.92
bine,4,103684,1.92
botches,7,103695,1.92
briarwood,9,103706,1.92
bunts,5,103719,1.92
canela,6,103731,1.92
cdd,3,103750,1.92
chehalis,8,103761,1.92
cnut,4,103771,1.92
cording,7,103787,1.92
crinoids,8,103799,1.92
curvatures,10,103809,1.92
deathwatch,10,103823,1.92
dhol,4,103838,1.92
disdains,8,103849,1.92
downhearted,11,103863,1.92
eeee,4,103876,1.92
endian,6,103888,1.92
escanaba,8,103901,1.92
ewg,3,103912,1.92
farrago,7,103924,1.92
flattop,7,103935,1.92
frb,3,103949,1.92
gapping,7,103961,1.92
gilley,6,103975,1.92
gopinath,8,103987,1.92
guestlist,9,103999,1.92
hambro,6,104012,1.92
heathfield,10,104024,1.92
highgarden,10,104036,1.92
hornbeam,8,104049,1.92
hyrum,5,104061,1.92
inbreds,7,104072,1.92
intolerances,12,104087,1.92
jesup,5,104099,1.92
kaal,4,104112,1.92
katamari,8,104123,1.92
keun,4,104136,1.92
kissable,8,104147,1.92
koyama,6,104158,1.92
lakatos,7,104170,1.92
leftfield,9,104180,1.92
lochner,7,104196,1.92
lully,5,104209,1.92
malamute,8,104223,1.92
maranello,9,104234,1.92
maternally,10,104245,1.92
mccomas,7,104257,1.92
mediations,10,104269,1.92
mewing,6,104280,1.92
misnamed,8,104291,1.92
moshpit,7,104303,1.92
nardi,5,104319,1.92
nobilis,7,104330,1.92
nutjobs,7,104342,1.92
ontogeny,8,104356,1.92
overprint,9,104368,1.92
patris,6,104382,1.92
permethrin,10,104395,1.92
pinelands,9,104406,1.92
plenitude,9,104417,1.92
povetkin,8,104430,1.92
prine,5,104441,1.92
puttering,9,104455,1.92
quraysh,7,104465,1.92
rebadged,8,104479,1.92
renfield,8,104492,1.92
retconned,9,104502,1.92
ropey,5,104513,1.92
safdar,6,104525,1.92
sarr,4,104535,1.92
scra,4,104548,1.92
selenite,8,104559,1.92
shariff,7,104570,1.92
simd,4,104585,1.92
smx,3,104598,1.92
sopwith,7,104608,1.92
sterilizer,10,104622,1.92
stri,4,104633,1.92
surendra,8,104646,1.92
talen,5,104659,1.92
tektronix,9,104670,1.92
thel,4,104680,1.92
tiree,5,104691,1.92
transposable,12,104705,1.92
tulowitzki,10,104716,1.92
ulis,4,104728,1.92
venango,7,104741,1.92
viu,3,104753,1.92
welll,5,104766,1.92
wristlet,8,104781,1.92
yanis,5,104792,1.92
zambians,8,104803,1.92
adena,5,104831,1.91
altavista,9,104844,1.91
anteroom,8,104855,1.91
arbeloa,7,104866,1.91
avantgarde,10,104878,1.91
baranski,8,104891,1.91
bdt,3,104903,1.91
bellary,7,104913,1.91
bharuch,7,104924,1.91
biographic,10,104935,1.91
blairgowrie,11,104945,1.91
boops,5,104957,1.91
brf,3,104970,1.91
bunche,6,104980,1.91
caber,5,104993,1.91
careen,6,105005,1.91
chalke,6,105018,1.91
chmerkovskiy,12,105032,1.91
cnh,3,105045,1.91
conveyancer,11,105060,1.91
cowra,5,105074,1.91
cwg,3,105085,1.91
decius,6,105096,1.91
desir,5,105108,1.91
dontcha,7,105121,1.91
duniya,6,105131,1.91
efrain,6,105144,1.91
enlistments,11,105157,1.91
ethelred,8,105169,1.91
exonerates,10,105180,1.91
fetishists,10,105192,1.91
fli,3,105202,1.91
fullers,7,105214,1.91
gelber,6,105227,1.91
glarus,6,105239,1.91
godawful,8,105250,1.91
groveland,9,105263,1.91
habilis,7,105276,1.91
hawarden,8,105287,1.91
herzen,6,105302,1.91
hims,4,105312,1.91
horley,6,105324,1.91
humint,6,105335,1.91
ieuan,5,105349,1.91
integrins,9,105362,1.91
jamon,5,105381,1.91
jobbik,6,105392,1.91
kalia,5,105403,1.91
kempf,5,105415,1.91
klepto,6,105425,1.91
krol,4,105436,1.91
lactamase,9,105447,1.91
lefthand,8,105458,1.91
liskeard,8,105471,1.91
lorrain,7,105482,1.91
lwin,4,105493,1.91
macleay,7,105508,1.91
manzoor,7,105519,1.91
mauritz,7,105530,1.91
memetic,7,105541,1.91
microlight,10,105555,1.91
miran,5,105567,1.91
molo,4,105580,1.91
msx,3,105591,1.91
naing,5,105603,1.91
nervo,5,105616,1.91
nincompoop,10,105627,1.91
nxivm,5,105639,1.91
ogallala,8,105652,1.91
osteotomy,9,105663,1.91
palaeozoic,10,105676,1.91
peh,3,105691,1.91
pgce,4,105702,1.91
pinecrest,9,105713,1.91
polonaise,9,105727,1.91
preez,5,105737,1.91
psyllium,8,105751,1.91
rahal,5,105768,1.91
reamer,6,105780,1.91
rephrasing,10,105793,1.91
rigoberto,9,105805,1.91
rosalee,7,105817,1.91
saath,5,105831,1.91
sandpoint,9,105842,1.91
sberbank,8,105854,1.91
selfsame,8,105867,1.91
showmen,7,105878,1.91
simplicius,10,105888,1.91
soekarno,8,105900,1.91
spurning,8,105913,1.91
subheading,10,105927,1.91
tahan,5,105941,1.91
tecno,5,105953,1.91
thali,5,105963,1.91
timbs,5,105975,1.91
trimethoprim,12,105988,1.91
twinkles,8,105999,1.91
undersold,9,106012,1.91
vant,4,106024,1.91
vestas,6,106035,1.91
wacc,4,106047,1.91
weidmann,8,106060,1.91
woodshop,8,106070,1.91
yangzhou,8,106083,1.91
zentrum,7,106094,1.91
acos,4,106119,1.9
aie,3,106130,1.9
aloes,5,106142,1.9
angas,5,106152,1.9
apparantly,10,106166,1.9
atsu,4,106179,1.9
baffert,7,106189,1.9
barao,5,106201,1.9
bedclothes,10,106213,1.9
bestia,6,106224,1.9
blanding,8,106238,1.9
brande,6,106255,1.9
bsh,3,106266,1.9
campestris,10,106281,1.9
cassoulet,9,106294,1.9
chaplet,7,106306,1.9
chut,4,106319,1.9
colenso,7,106332,1.9
conformable,11,106344,1.9
corda,5,106357,1.9
coveney,7,106368,1.9
curacy,6,106379,1.9
debrecen,8,106396,1.9
denotation,10,106409,1.9
dipolar,7,106421,1.9
dramamine,9,106436,1.9
eftpos,6,106449,1.9
ellingham,9,106459,1.9
episiotomy,10,106471,1.9
exerciser,9,106485,1.9
falloff,7,106496,1.9
ferrin,6,106508,1.9
fixative,8,106520,1.9
fredette,8,106533,1.9
fuselages,9,106544,1.9
geis,4,106556,1.9
gilet,5,106567,1.9
groundlings,11,106581,1.9
hallet,6,106595,1.9
headington,10,106606,1.9
hexavalent,10,106620,1.9
hobgoblins,10,106630,1.9
hristo,6,106643,1.9
ijebu,5,106658,1.9
inclining,9,106669,1.9
interweave,10,106682,1.9
ivers,5,106694,1.9
joannes,7,106706,1.9
kangas,6,106717,1.9
kirton,6,106730,1.9
larges,6,106742,1.9
lexx,4,106754,1.9
loto,4,106771,1.9
macchio,7,106781,1.9
manzanillo,10,106793,1.9
mayaguez,8,106805,1.9
mgd,3,106820,1.9
misophonia,10,106833,1.9
morgoth,7,106844,1.9
mutua,5,106855,1.9
ngong,5,106871,1.9
novocaine,9,106884,1.9
odorant,7,106895,1.9
ossuary,7,106908,1.9
pawnbrokers,11,106921,1.9
petrillo,8,106932,1.9
playtest,8,106948,1.9
postbox,7,106960,1.9
progr,5,106971,1.9
putback,7,106986,1.9
ralls,5,106998,1.9
rax,3,107008,1.9
revalued,8,107020,1.9
roberti,7,107032,1.9
rutabaga,8,107042,1.9
salamat,7,107055,1.9
saverio,7,107068,1.9
selecta,7,107080,1.9
shirdi,6,107094,1.9
sketchers,9,107106,1.9
sofar,5,107117,1.9
spiracles,9,107128,1.9
starboy,7,107143,1.9
streetview,10,107154,1.9
susskind,8,107167,1.9
tamiami,7,107180,1.9
teetered,8,107190,1.9
thralls,7,107201,1.9
tnd,3,107212,1.9
transcribes,11,107225,1.9
uberx,5,107240,1.9
understudies,12,107252,1.9
usas,4,107264,1.9
vasey,5,107276,1.9
viognier,8,107287,1.9
wakened,7,107297,1.9
webpack,7,107309,1.9
whitewood,9,107320,1.9
woooooo,7,107331,1.9
yglesias,8,107344,1.9
zelman,6,107355,1.9
aconcagua,9,107378,1.89
agression,9,107391,1.89
allon,5,107403,1.89
andreotti,9,107413,1.89
arizonans,9,107426,1.89
assur,5,107438,1.89
backspin,8,107448,1.89
bandito,7,107460,1.89
beefeater,9,107474,1.89
bilawal,7,107488,1.89
bitchiness,10,107499,1.89
bobber,6,107510,1.89
braine,6,107523,1.89
buthelezi,9,107534,1.89
cassin,6,107547,1.89
chadd,5,107558,1.89
choirboy,8,107569,1.89
cley,4,107581,1.89
coltan,6,107592,1.89
conventual,10,107608,1.89
crail,5,107621,1.89
danika,6,107636,1.89
deleo,5,107648,1.89
digitalized,11,107660,1.89
dniester,8,107672,1.89
doxing,6,107684,1.89
ebbets,6,107694,1.89
elas,4,107706,1.89
ensor,5,107719,1.89
exergy,6,107730,1.89
faron,5,107744,1.89
fixie,5,107755,1.89
flycatchers,11,107766,1.89
foye,4,107777,1.89
gaeltacht,9,107791,1.89
gesserit,8,107803,1.89
godsmack,8,107815,1.89
greedo,6,107827,1.89
gusev,5,107838,1.89
handcart,8,107852,1.89
hatty,5,107863,1.89
hidey,5,107875,1.89
hobbiton,8,107887,1.89
houlton,7,107898,1.89
idiotically,11,107910,1.89
ingleside,9,107923,1.89
ipx,3,107937,1.89
jalopy,6,107953,1.89
jotham,6,107965,1.89
kbb,3,107976,1.89
kirksville,10,107986,1.89
krylov,6,107999,1.89
kwabena,7,108010,1.89
laning,6,108020,1.89
leder,5,108032,1.89
limnology,9,108044,1.89
lolli,5,108054,1.89
madams,6,108067,1.89
malloch,7,108079,1.89
matan,5,108090,1.89
meireles,8,108103,1.89
milverton,9,108118,1.89
mogi,4,108130,1.89
mossadegh,9,108141,1.89
nanterre,8,108152,1.89
newspapermen,12,108165,1.89
nucleolar,9,108178,1.89
olver,5,108192,1.89
oros,4,108202,1.89
paolini,7,108217,1.89
perrysburg,10,108231,1.89
pilipino,8,108242,1.89
podrick,7,108253,1.89
presario,8,108266,1.89
provan,6,108277,1.89
quiches,7,108292,1.89
rawest,6,108305,1.89
redbrick,8,108318,1.89
relegations,11,108330,1.89
rewilding,9,108343,1.89
rodes,5,108355,1.89
rundschau,9,108369,1.89
satriani,8,108382,1.89
seanad,6,108393,1.89
shabbily,8,108405,1.89
sieber,6,108417,1.89
smillie,7,108428,1.89
spacek,6,108442,1.89
stellan,7,108453,1.89
stretchable,11,108463,1.89
sukumaran,9,108476,1.89
swished,7,108487,1.89
taranis,7,108499,1.89
tenuously,9,108510,1.89
tihar,5,108522,1.89
tourny,6,108536,1.89
trudie,6,108549,1.89
tyrells,7,108559,1.89
undecorated,11,108571,1.89
unmaking,8,108584,1.89
urich,5,108594,1.89
vlado,5,108608,1.89
whay,4,108620,1.89
woofers,7,108632,1.89
yoma,4,108644,1.89
aeolus,6,108672,1.88
aikens,6,108682,1.88
aleichem,8,108694,1.88
andal,5,108708,1.88
arabesques,10,108718,1.88
asar,4,108730,1.88
awang,5,108743,1.88
bamf,4,108753,1.88
baserunning,11,108765,1.88
belconnen,9,108777,1.88
bierman,7,108791,1.88
blenkinsop,10,108805,1.88
bowley,6,108816,1.88
bsw,3,108827,1.88
camrose,7,108839,1.88
cascais,7,108854,1.88
cels,4,108864,1.88
chicky,6,108876,1.88
clansman,8,108890,1.88
clune,5,108901,1.88
colores,7,108914,1.88
corrientes,10,108927,1.88
cribbed,7,108939,1.88
daphnis,7,108951,1.88
detweiler,9,108966,1.88
diphenyl,8,108978,1.88
dokey,5,108991,1.88
dryas,5,109003,1.88
efx,3,109018,1.88
engrish,7,109030,1.88
excreting,9,109043,1.88
famitsu,7,109053,1.88
festers,7,109066,1.88
foodbanks,9,109078,1.88
fruitcakes,10,109088,1.88
gallants,8,109099,1.88
geostrategic,12,109113,1.88
glumly,6,109123,1.88
gratian,7,109135,1.88
gup,3,109147,1.88
hamline,7,109158,1.88
hendriks,8,109172,1.88
hohenlohe,9,109185,1.88
hottentot,9,109196,1.88
ihnen,5,109212,1.88
insa,4,109223,1.88
ivp,3,109234,1.88
jordaan,7,109248,1.88
kaf,3,109260,1.88
keizer,6,109271,1.88
klinghoffer,11,109283,1.88
kowalczyk,9,109295,1.88
kumble,6,109305,1.88
legibly,7,109319,1.88
libreville,10,109330,1.88
lotuses,7,109341,1.88
maadi,5,109353,1.88
mangaka,7,109366,1.88
mcbee,5,109377,1.88
meshuggah,9,109389,1.88
mindshare,9,109401,1.88
morry,5,109412,1.88
munford,7,109424,1.88
nashe,5,109436,1.88
nevi,4,109447,1.88
nonimmigrant,12,109460,1.88
obregon,7,109472,1.88
olimpico,8,109483,1.88
oum,3,109496,1.88
padmavati,9,109508,1.88
paramaribo,10,109518,1.88
peeper,6,109529,1.88
photobooks,10,109542,1.88
plannin,7,109553,1.88
potentiate,10,109568,1.88
pruett,6,109578,1.88
qala,4,109590,1.88
quoque,6,109602,1.88
reapplying,10,109616,1.88
reggiano,8,109627,1.88
rietveld,8,109640,1.88
rosetti,7,109650,1.88
saini,5,109663,1.88
scads,5,109674,1.88
scourged,8,109684,1.88
serj,4,109697,1.88
sheers,6,109711,1.88
sinden,6,109722,1.88
soliders,8,109734,1.88
spofford,8,109746,1.88
stellaris,9,109758,1.88
supercooled,11,109771,1.88
tamasha,7,109785,1.88
tennille,8,109797,1.88
thumbtack,9,109809,1.88
tomkinson,9,109822,1.88
tukey,5,109834,1.88
ultrahigh,9,109845,1.88
usis,4,109863,1.88
venturebeat,11,109874,1.88
walston,7,109889,1.88
weightman,9,109904,1.88
wireshark,9,109915,1.88
yanukovich,10,109930,1.88
yukos,5,109941,1.88
agenesis,8,109970,1.87
amoebas,7,109985,1.87
antm,4,109996,1.87
arens,5,110007,1.87
audaciously,11,110020,1.87
baldly,6,110032,1.87
battened,8,110042,1.87
berkey,6,110054,1.87
bhikkhu,7,110067,1.87
bissonnette,11,110080,1.87
boogey,6,110091,1.87
bouma,5,110102,1.87
briars,6,110113,1.87
bulgogi,7,110124,1.87
camaros,7,110138,1.87
cathar,6,110150,1.87
checkboxes,10,110163,1.87
clamorous,9,110179,1.87
coiffed,7,110189,1.87
corba,5,110204,1.87
curle,5,110222,1.87
dcfs,4,110235,1.87
demystified,11,110249,1.87
dicken,6,110260,1.87
disinterred,11,110271,1.87
dopants,7,110283,1.87
eachothers,10,110297,1.87
ellum,5,110308,1.87
enshrinement,12,110319,1.87
eurobeat,8,110330,1.87
fanzines,8,110342,1.87
fiord,5,110356,1.87
flavus,6,110368,1.87
forsyte,7,110378,1.87
gabonese,8,110391,1.87
geni,4,110402,1.87
glassworks,10,110413,1.87
greitens,8,110424,1.87
haikus,6,110438,1.87
hdcp,4,110450,1.87
higson,6,110461,1.87
horsewoman,10,110473,1.87
hynix,5,110484,1.87
ikey,4,110497,1.87
intj,4,110513,1.87
iup,3,110524,1.87
joli,4,110541,1.87
kahului,7,110555,1.87
khanate,7,110566,1.87
kogarah,7,110577,1.87
krystyna,8,110587,1.87
landslip,8,110600,1.87
leggo,5,110612,1.87
liquidations,12,110624,1.87
lxii,4,110637,1.87
majka,5,110654,1.87
matija,6,110664,1.87
mentees,7,110677,1.87
mondavi,7,110691,1.87
moussaka,8,110702,1.87
mustards,8,110714,1.87
naniwa,6,110726,1.87
ncua,4,110737,1.87
nonis,5,110750,1.87
nurnberg,8,110761,1.87
orbach,6,110771,1.87
outcries,8,110785,1.87
paraplegics,11,110802,1.87
peniel,6,110815,1.87
picu,4,110830,1.87
pitlochry,9,110842,1.87
plumpton,8,110852,1.87
pusa,4,110871,1.87
quietude,8,110882,1.87
realignments,12,110893,1.87
reisen,6,110905,1.87
retour,6,110917,1.87
roadworthy,10,110928,1.87
ruhollah,8,110942,1.87
sampan,6,110957,1.87
schleck,7,110968,1.87
selfs,5,110979,1.87
shiho,5,110991,1.87
shurtleff,9,111001,1.87
skyview,7,111014,1.87
sniffers,8,111027,1.87
speedmaster,11,111039,1.87
stackers,8,111050,1.87
sturdiness,10,111062,1.87
superposed,10,111074,1.87
takahiro,8,111086,1.87
tarka,5,111097,1.87
tfeu,4,111107,1.87
titmouse,8,111118,1.87
tourniquets,11,111129,1.87
turcotte,8,111140,1.87
unani,5,111152,1.87
unmonitored,11,111164,1.87
valse,5,111174,1.87
vigneault,9,111186,1.87
washbasin,9,111200,1.87
whaaaaat,8,111212,1.87
wiseguy,7,111224,1.87
xiaobo,6,111237,1.87
ymmv,4,111247,1.87
zwarte,6,111260,1.87
acx,3,111285,1.86
ahli,4,111295,1.86
albian,6,111307,1.86
amoebae,7,111318,1.86
aquired,7,111331,1.86
asal,4,111342,1.86
aziza,5,111356,1.86
bantz,5,111366,1.86
beacham,7,111377,1.86
bemusement,10,111388,1.86
bilayers,8,111402,1.86
bolding,7,111415,1.86
branston,8,111427,1.86
bucuresti,9,111437,1.86
busboys,7,111448,1.86
camogie,7,111461,1.86
castigating,11,111471,1.86
cev,3,111483,1.86
chinna,6,111495,1.86
cleanroom,9,111509,1.86
compas,6,111522,1.86
convolutions,12,111533,1.86
cumulonimbus,12,111545,1.86
decarlo,7,111559,1.86
denigrates,10,111569,1.86
dippin,6,111582,1.86
draenor,7,111595,1.86
durocher,8,111605,1.86
edmiston,8,111618,1.86
endura,6,111631,1.86
epaulets,8,111643,1.86
euchre,6,111655,1.86
faceoffs,8,111668,1.86
fetishize,9,111681,1.86
flypast,7,111693,1.86
franta,6,111704,1.86
fujioka,7,111714,1.86
gansevoort,10,111726,1.86
glendinning,11,111737,1.86
gonorrhoeae,11,111747,1.86
gringa,6,111758,1.86
haddam,6,111770,1.86
hardcovers,10,111781,1.86
heikki,6,111793,1.86
historicist,11,111805,1.86
huangpu,7,111816,1.86
idek,4,111830,1.86
impl,4,111844,1.86
ipu,3,111859,1.86
iwate,5,111871,1.86
jcr,3,111883,1.86
junctional,10,111894,1.86
khar,4,111906,1.86
klemmer,7,111917,1.86
laflamme,8,111929,1.86
lecompte,8,111941,1.86
lesher,6,111952,1.86
lisicki,7,111963,1.86
lumberman,9,111978,1.86
madhubala,9,111990,1.86
malad,5,112000,1.86
mateusz,7,112013,1.86
menelik,7,112026,1.86
middens,7,112038,1.86
mlf,3,112049,1.86
monopod,7,112061,1.86
muqtada,7,112071,1.86
nauman,6,112084,1.86
nhlpa,5,112096,1.86
noughts,7,112106,1.86
ojukwu,6,112118,1.86
orthodoxies,11,112131,1.86
ownerships,10,112143,1.86
patz,4,112158,1.86
periscopes,10,112170,1.86
piana,5,112180,1.86
pmcs,4,112191,1.86
possesion,9,112206,1.86
presales,8,112218,1.86
pyres,5,112233,1.86
raddatz,7,112244,1.86
ranganathan,11,112254,1.86
rehabbed,8,112266,1.86
revelle,7,112280,1.86
rodi,4,112290,1.86
rufo,4,112301,1.86
santangelo,10,112315,1.86
schnitzler,10,112325,1.86
senecio,7,112338,1.86
shakeel,7,112353,1.86
shyster,7,112364,1.86
sleeman,7,112378,1.86
sparsity,8,112389,1.86
stelvio,7,112401,1.86
surficial,9,112413,1.86
talismanic,10,112424,1.86
teetotaler,10,112434,1.86
tikki,5,112447,1.86
transat,7,112459,1.86
troutdale,9,112470,1.86
tympani,7,112482,1.86
unfathomably,12,112494,1.86
upperclass,10,112508,1.86
vcf,3,112520,1.86
vitalis,7,112534,1.86
wakeboard,9,112546,1.86
weimer,6,112558,1.86
wipp,4,112570,1.86
yanina,6,112583,1.86
aare,4,112608,1.85
acy,3,112618,1.85
afu,3,112629,1.85
alik,4,112643,1.85
anche,5,112653,1.85
apostolos,9,112665,1.85
ashwini,7,112676,1.85
austerities,11,112688,1.85
banja,5,112700,1.85
baudouin,8,112711,1.85
berahino,8,112724,1.85
bii,3,112735,1.85
boosey,6,112749,1.85
brenham,7,112761,1.85
buckethead,10,112772,1.85
campesino,9,112785,1.85
carryall,8,112795,1.85
chander,7,112806,1.85
cheo,4,112818,1.85
churchy,7,112828,1.85
coexists,8,112842,1.85
connexions,10,112854,1.85
corncob,7,112866,1.85
crostini,8,112881,1.85
cydney,6,112892,1.85
daxter,6,112902,1.85
detrital,8,112917,1.85
disavowal,9,112929,1.85
donnellan,9,112943,1.85
dtu,3,112956,1.85
eart,4,112969,1.85
eireann,7,112979,1.85
emulsifying,11,112993,1.85
esky,4,113008,1.85
experiance,10,113018,1.85
fedde,5,113032,1.85
flashman,8,113046,1.85
fres,4,113057,1.85
galia,5,113071,1.85
genesys,7,113083,1.85
gnb,3,113095,1.85
grandville,10,113108,1.85
gtv,3,113119,1.85
hbm,3,113131,1.85
hessel,6,113142,1.85
histo,5,113153,1.85
hubcap,6,113164,1.85
hydroid,7,113175,1.85
illogically,11,113186,1.85
instax,6,113196,1.85
itanium,7,113210,1.85
jassim,6,113225,1.85
junebug,7,113237,1.85
kapitan,7,113249,1.85
kelby,5,113260,1.85
kila,4,113271,1.85
kohinoor,8,113283,1.85
laka,4,113294,1.85
latticework,11,113305,1.85
ligeti,6,113317,1.85
longueville,11,113329,1.85
lyttle,6,113339,1.85
manders,7,113354,1.85
massasoit,9,113367,1.85
medivh,6,113378,1.85
meynell,7,113391,1.85
miyoshi,7,113405,1.85
morphett,8,113416,1.85
musil,5,113432,1.85
naima,5,113444,1.85
nasrin,6,113454,1.85
neches,6,113466,1.85
nmsu,4,113477,1.85
nutini,6,113488,1.85
okapi,5,113500,1.85
osso,4,113512,1.85
pannu,5,113523,1.85
peacocke,8,113536,1.85
perturbing,10,113547,1.85
pistoia,7,113560,1.85
poseur,6,113572,1.85
protectant,10,113587,1.85
pyp,3,113599,1.85
rbp,3,113611,1.85
rescinds,8,113624,1.85
rockne,6,113639,1.85
sacagawea,9,113653,1.85
saurian,7,113665,1.85
sdny,4,113678,1.85
sellotape,9,113690,1.85
shapira,7,113701,1.85
signboards,10,113715,1.85
sloman,6,113726,1.85
sparling,8,113738,1.85
sportscars,10,113749,1.85
stina,5,113762,1.85
switchfoot,10,113772,1.85
teff,4,113786,1.85
tharpe,6,113797,1.85
thys,4,113808,1.85
touchin,7,113820,1.85
tullamarine,11,113833,1.85
unarmored,9,113843,1.85
uwc,3,113855,1.85
vestment,8,113869,1.85
vvt,3,113881,1.85
wealden,7,113893,1.85
wincanton,9,113904,1.85
xmpp,4,113915,1.85
zehnder,7,113927,1.85
ackbar,6,113949,1.84
alkalis,7,113961,1.84
ambiente,8,113972,1.84
argentinas,10,113984,1.84
asmar,5,113995,1.84
bagg,4,114008,1.84
barzun,6,114023,1.84
belleza,7,114035,1.84
bicuspid,8,114046,1.84
bitting,7,114058,1.84
bocca,5,114069,1.84
braze,5,114080,1.84
brownstown,10,114092,1.84
cads,4,114108,1.84
cantonments,11,114119,1.84
catedral,8,114132,1.84
charsadda,9,114143,1.84
chitose,7,114154,1.84
clavering,9,114165,1.84
colebrooke,10,114176,1.84
conder,6,114189,1.84
corralling,10,114201,1.84
cronje,6,114214,1.84
dadt,4,114230,1.84
deblasio,8,114242,1.84
devoto,6,114252,1.84
disfavored,10,114264,1.84
doubtfully,10,114277,1.84
durgapur,8,114287,1.84
ekblad,6,114299,1.84
epifanio,8,114312,1.84
eutaw,5,114323,1.84
farpoint,8,114338,1.84
fgd,3,114351,1.84
fluffer,7,114364,1.84
foxhound,8,114375,1.84
fyn,3,114386,1.84
gaudio,6,114399,1.84
gira,4,114410,1.84
gorkha,6,114423,1.84
gsoc,4,114435,1.84
halina,6,114446,1.84
hauliers,8,114457,1.84
hermans,7,114472,1.84
hohmann,7,114484,1.84
hubbert,7,114497,1.84
ifad,4,114509,1.84
imperforate,11,114521,1.84
ironbridge,10,114536,1.84
jiujitsu,8,114547,1.84
kalash,6,114559,1.84
keynesians,10,114571,1.84
kincheloe,9,114582,1.84
kolin,5,114594,1.84
kumail,6,114604,1.84
latchkey,8,114616,1.84
ledford,7,114627,1.84
lipari,6,114637,1.84
lockets,7,114649,1.84
lubeck,6,114660,1.84
mabus,5,114673,1.84
majo,4,114685,1.84
mapquest,8,114697,1.84
maspero,7,114707,1.84
mcgonigle,9,114721,1.84
metatarsals,11,114734,1.84
mitnick,7,114746,1.84
mothball,8,114757,1.84
murtala,7,114770,1.84
nakia,5,114782,1.84
nbk,3,114794,1.84
niazi,5,114806,1.84
nowy,4,114819,1.84
oculomotor,10,114832,1.84
orris,5,114844,1.84
paddleboard,11,114858,1.84
parries,7,114869,1.84
phoenixville,12,114884,1.84
pkm,3,114895,1.84
pourri,6,114910,1.84
puccinia,8,114923,1.84
raceme,6,114936,1.84
raptured,8,114949,1.84
reichel,7,114963,1.84
rii,3,114978,1.84
roughneck,9,114989,1.84
saintsbury,10,115001,1.84
santon,6,115012,1.84
sdt,3,115024,1.84
sharda,6,115036,1.84
shoppes,7,115046,1.84
simkins,7,115058,1.84
smocks,6,115070,1.84
spad,4,115081,1.84
squirrelly,10,115094,1.84
straightway,11,115107,1.84
subtlest,8,115118,1.84
swd,3,115130,1.84
tavener,7,115144,1.84
ternate,7,115155,1.84
titrate,7,115170,1.84
toolchain,9,115181,1.84
trps,4,115193,1.84
ugarit,6,115206,1.84
unproduced,10,115218,1.84
valkyria,8,115232,1.84
vist,4,115243,1.84
wagenen,7,115254,1.84
wayfair,7,115264,1.84
whitsundays,11,115275,1.84
wittingly,9,115287,1.84
xterra,6,115298,1.84
zerubbabel,10,115309,1.84
abuelita,8,115337,1.83
adhikari,8,115350,1.83
alemany,7,115363,1.83
angustifolia,12,115375,1.83
arey,4,115386,1.83
auriol,6,115400,1.83
bahram,6,115411,1.83
baronies,8,115421,1.83
becquerel,9,115432,1.83
bildung,7,115444,1.83
bnha,4,115455,1.83
bovril,6,115468,1.83
brundtland,10,115480,1.83
bva,3,115492,1.83
canasta,7,115505,1.83
carthusian,10,115517,1.83
chaffin,7,115530,1.83
chio,4,115543,1.83
clep,4,115555,1.83
coldhearted,11,115565,1.83
consummating,12,115578,1.83
coulis,6,115590,1.83
cronan,6,115601,1.83
cymbalta,8,115615,1.83
deebo,5,115626,1.83
desensitize,11,115639,1.83
dinette,7,115650,1.83
downsview,9,115663,1.83
ebd,3,115676,1.83
eliz,4,115688,1.83
epicure,7,115699,1.83
etiological,11,115710,1.83
faile,5,115721,1.83
fatted,6,115731,1.83
filosofia,9,115742,1.83
fonteyn,7,115753,1.83
funnyman,8,115766,1.83
gearhead,8,115779,1.83
ghillie,7,115791,1.83
gobblers,8,115801,1.83
greiss,6,115813,1.83
gurdon,6,115825,1.83
hamamatsu,9,115835,1.83
haunch,6,115847,1.83
hermite,7,115858,1.83
holkar,6,115868,1.83
housebroken,11,115879,1.83
idolise,7,115894,1.83
imperilled,10,115904,1.83
irresistable,12,115922,1.83
jarreau,7,115936,1.83
judg,4,115946,1.83
kanno,5,115959,1.83
kevyn,5,115971,1.83
kohlrabi,8,115983,1.83
laikipia,8,115994,1.83
lecomte,7,116008,1.83
lewitt,6,116018,1.83
liverpudlian,12,116029,1.83
lovebird,8,116041,1.83
majd,4,116053,1.83
mazhar,6,116070,1.83
mendham,7,116082,1.83
mirjana,7,116093,1.83
motormouth,10,116108,1.83
myb,3,116120,1.83
nanni,5,116131,1.83
neurotics,9,116143,1.83
nneka,5,116155,1.83
notis,5,116166,1.83
oii,3,116181,1.83
osteoclasts,11,116192,1.83
paice,5,116203,1.83
peopl,5,116217,1.83
pilled,6,116230,1.83
pny,3,116241,1.83
pottawatomie,12,116252,1.83
produ,5,116264,1.83
quenches,8,116278,1.83
ratti,5,116290,1.83
remedios,8,116303,1.83
reticulation,12,116314,1.83
roil,4,116328,1.83
ruz,3,116339,1.83
salbutamol,10,116349,1.83
satirised,9,116361,1.83
schouten,8,116372,1.83
scw,3,116382,1.83
sertoli,7,116394,1.83
sherbourne,10,116406,1.83
sias,4,116416,1.83
slumlord,8,116430,1.83
sonship,7,116441,1.83
stanislavsky,12,116454,1.83
subhumans,9,116467,1.83
symmetra,8,116479,1.83
tarasov,7,116490,1.83
tertius,7,116504,1.83
thiamin,7,116515,1.83
tikhon,6,116525,1.83
transferwise,12,116536,1.83
twerps,6,116550,1.83
undulate,8,116561,1.83
uyo,3,116573,1.83
veta,4,116584,1.83
vuong,5,116596,1.83
wente,5,116608,1.83
willes,6,116618,1.83
wowow,5,116630,1.83
yuva,4,116646,1.83
zizou,5,116657,1.83
adventuress,11,116680,1.82
almoner,7,116694,1.82
annies,6,116704,1.82
arevalo,7,116718,1.82
atocha,6,116730,1.82
bahamians,9,116741,1.82
bastos,6,116755,1.82
benevolently,12,116767,1.82
bioethanol,10,116777,1.82
bogeymen,8,116789,1.82
brassey,7,116801,1.82
bruja,5,116812,1.82
buttner,7,116824,1.82
cameltoe,8,116835,1.82
catman,6,116848,1.82
chans,5,116861,1.82
chos,4,116873,1.82
claussen,8,116885,1.82
coch,4,116897,1.82
conciseness,11,116910,1.82
cosmopolis,10,116923,1.82
curvier,7,116938,1.82
davidic,7,116950,1.82
despoiled,9,116964,1.82
dico,4,116976,1.82
dougall,7,116989,1.82
dunhuang,8,117001,1.82
einaudi,7,117013,1.82
enea,4,117024,1.82
excedrin,8,117034,1.82
fascicles,9,117047,1.82
filkins,7,117060,1.82
forsee,6,117071,1.82
funyuns,7,117084,1.82
gellert,7,117095,1.82
ginkel,6,117106,1.82
greenlaw,8,117118,1.82
gymnosperms,11,117129,1.82
harber,6,117141,1.82
hedin,5,117154,1.82
hierophant,10,117165,1.82
hoopes,6,117175,1.82
humani,6,117188,1.82
ilcs,4,117201,1.82
intercedes,10,117213,1.82
isit,4,117225,1.82
jambi,5,117236,1.82
johanan,7,117247,1.82
kalakaua,8,117258,1.82
kegels,6,117269,1.82
kilim,5,117281,1.82
klinik,6,117293,1.82
kuril,5,117305,1.82
lanez,5,117319,1.82
leadbetter,10,117331,1.82
lockman,7,117345,1.82
lummis,6,117356,1.82
magickal,8,117367,1.82
manias,6,117380,1.82
maturin,7,117390,1.82
mehl,4,117402,1.82
merrow,6,117413,1.82
milad,5,117426,1.82
mome,4,117440,1.82
mountainview,12,117452,1.82
mxr,3,117465,1.82
nashi,5,117478,1.82
netherton,9,117490,1.82
nonresidents,12,117503,1.82
olamide,7,117517,1.82
outsources,10,117529,1.82
parasitical,11,117540,1.82
pearlescent,11,117551,1.82
photius,7,117565,1.82
polonsky,8,117577,1.82
pralines,8,117593,1.82
purdie,6,117604,1.82
quinte,6,117617,1.82
redlich,7,117630,1.82
retransmit,10,117643,1.82
rollerblade,11,117655,1.82
ryne,4,117667,1.82
santal,6,117680,1.82
scarfed,7,117692,1.82
seeth,5,117705,1.82
serrata,7,117715,1.82
shanda,6,117728,1.82
sidley,6,117743,1.82
skidoo,6,117753,1.82
soldat,6,117765,1.82
splendors,9,117778,1.82
stopford,8,117789,1.82
suspensory,10,117802,1.82
taru,4,117816,1.82
tecnologia,10,117826,1.82
thandie,7,117838,1.82
toddling,8,117851,1.82
toucans,7,117863,1.82
trialing,8,117875,1.82
twila,5,117887,1.82
undersheriff,12,117897,1.82
untimed,7,117910,1.82
vahid,5,117921,1.82
verden,6,117931,1.82
wader,5,117946,1.82
weekenders,10,117957,1.82
wontons,7,117969,1.82
yabba,5,117981,1.82
zella,5,117992,1.82
accordionist,12,118019,1.81
airbending,10,118030,1.81
alnus,5,118041,1.81
anchorwoman,11,118052,1.81
appius,6,118064,1.81
automatism,10,118075,1.81
babbit,6,118087,1.81
baxendale,9,118101,1.81
benintendi,10,118115,1.81
bigby,5,118125,1.81
bizzle,6,118136,1.81
bombproof,9,118148,1.81
brel,4,118159,1.81
byres,5,118171,1.81
carlyon,7,118183,1.81
catherines,10,118193,1.81
chamfer,7,118204,1.81
choti,5,118217,1.81
cogsworth,9,118230,1.81
cony,4,118244,1.81
couchsurfing,12,118257,1.81
crumples,8,118270,1.81
dalman,6,118282,1.81
dekha,5,118293,1.81
dessin,6,118306,1.81
dipak,5,118319,1.81
dores,5,118333,1.81
dwivedi,7,118344,1.81
emanu,5,118359,1.81
euratom,7,118374,1.81
fals,4,118387,1.81
ferals,6,118398,1.81
fluorocarbon,12,118411,1.81
freethought,11,118422,1.81
gaitan,6,118433,1.81
genderfluid,11,118444,1.81
glancy,6,118454,1.81
goteborg,8,118466,1.81
guidi,5,118483,1.81
gyratory,8,118493,1.81
hartzell,8,118504,1.81
heureux,7,118515,1.81
hoisin,6,118526,1.81
hoyts,5,118538,1.81
icis,4,118554,1.81
inhumanely,10,118564,1.81
investi,7,118581,1.81
ivb,3,118592,1.81
jencks,6,118605,1.81
kada,4,118618,1.81
katipunan,9,118628,1.81
kisii,5,118641,1.81
krysten,7,118653,1.81
lamborn,7,118665,1.81
lassalle,8,118677,1.81
liouville,9,118690,1.81
lors,4,118700,1.81
macdermott,10,118715,1.81
manrique,8,118727,1.81
matsudaira,10,118739,1.81
melhor,6,118751,1.81
micheline,9,118763,1.81
minigun,7,118775,1.81
morella,7,118790,1.81
murphey,7,118804,1.81
nadar,5,118817,1.81
negron,6,118828,1.81
nirbhaya,8,118843,1.81
nonpolitical,12,118854,1.81
ohashi,6,118867,1.81
oooooooh,8,118881,1.81
overwrites,10,118892,1.81
pasqua,6,118906,1.81
perrone,7,118918,1.81
pieds,5,118931,1.81
poche,5,118945,1.81
prakrit,7,118957,1.81
puissant,8,118970,1.81
questi,6,118981,1.81
rawnsley,8,118994,1.81
regarde,7,119005,1.81
renai,5,119016,1.81
restaurante,11,119027,1.81
rieder,6,119038,1.81
rosenberger,11,119052,1.81
rvn,3,119063,1.81
sandstrom,9,119073,1.81
schlick,7,119085,1.81
sejanus,7,119101,1.81
seus,4,119112,1.81
shepperd,8,119124,1.81
sienese,7,119135,1.81
slaveowners,11,119145,1.81
sneek,5,119156,1.81
stachel,7,119168,1.81
stollen,7,119180,1.81
sye,3,119194,1.81
tcn,3,119205,1.81
terfs,5,119216,1.81
timorous,8,119230,1.81
towles,6,119241,1.81
tullio,6,119252,1.81
ulverston,9,119264,1.81
unmatchable,11,119277,1.81
vaccinia,8,119288,1.81
vianney,7,119300,1.81
volantis,8,119311,1.81
weigl,5,119321,1.81
wistfulness,11,119332,1.81
wundt,5,119343,1.81
yers,4,119356,1.81
ziya,4,119368,1.81
absol,5,119397,1.8
adreno,6,119408,1.8
airpark,7,119419,1.8
ammianus,8,119431,1.8
apocalypses,11,119442,1.8
arrhythmic,10,119457,1.8
attaboy,7,119468,1.8
azari,5,119479,1.8
balloted,8,119492,1.8
bazinga,7,119504,1.8
berl,4,119516,1.8
blackthorne,11,119528,1.8
boonie,6,119544,1.8
brierly,7,119555,1.8
bumbershoot,11,119567,1.8
camerlengo,10,119584,1.8
cartilages,10,119594,1.8
ceux,4,119608,1.8
cherrie,7,119618,1.8
cinc,4,119632,1.8
colac,5,119643,1.8
conformism,10,119656,1.8
cowdray,7,119669,1.8
cullens,7,119682,1.8
darna,5,119694,1.8
delts,5,119707,1.8
dillashaw,9,119720,1.8
dman,4,119733,1.8
dorma,5,119744,1.8
dyads,5,119758,1.8
eigenstates,11,119768,1.8
eop,3,119784,1.8
eukaryote,9,119799,1.8
eyeballed,9,119810,1.8
featherston,11,119822,1.8
flatwoods,9,119835,1.8
fraternizing,12,119845,1.8
furnival,8,119859,1.8
gawked,6,119872,1.8
gitano,6,119884,1.8
goodin,6,119896,1.8
gress,5,119908,1.8
hadas,5,119919,1.8
harran,6,119933,1.8
hinchliffe,10,119945,1.8
honnold,7,119955,1.8
hurtles,7,119967,1.8
idli,4,119980,1.8
inox,4,119992,1.8
ires,4,120004,1.8
jadis,5,120019,1.8
jboss,5,120029,1.8
junkyards,9,120040,1.8
kataoka,7,120053,1.8
kelson,6,120063,1.8
knighting,9,120075,1.8
kpl,3,120086,1.8
lactoferrin,11,120097,1.8
legarrette,10,120109,1.8
lifeforce,9,120120,1.8
longyear,8,120131,1.8
macer,5,120144,1.8
manoir,6,120155,1.8
maximoff,8,120167,1.8
medved,6,120181,1.8
mhairi,6,120194,1.8
mimeographed,12,120205,1.8
moated,6,120217,1.8
motiv,5,120228,1.8
mussoorie,9,120239,1.8
naseby,6,120251,1.8
newsdesk,8,120265,1.8
notaro,6,120278,1.8
okawa,5,120295,1.8
ostrow,6,120306,1.8
pagina,6,120318,1.8
pavlos,6,120333,1.8
petroglyph,10,120344,1.8
piku,4,120355,1.8
plimsoll,8,120368,1.8
prenatally,10,120381,1.8
prospected,10,120392,1.8
pummels,7,120403,1.8
quadrangles,11,120414,1.8
ramzy,5,120424,1.8
refloated,9,120436,1.8
responsi,8,120450,1.8
rigdon,6,120462,1.8
rotem,5,120474,1.8
sagacious,9,120487,1.8
sarver,6,120498,1.8
scuzzy,6,120509,1.8
shankland,9,120522,1.8
sholay,6,120532,1.8
skellig,7,120545,1.8
solyndra,8,120559,1.8
stargirl,8,120572,1.8
stoxx,5,120584,1.8
sullenberger,12,120597,1.8
svante,6,120608,1.8
tadd,4,120620,1.8
tellier,7,120631,1.8
thl,3,120643,1.8
togoland,8,120655,1.8
trialist,8,120666,1.8
tsurugi,7,120679,1.8
tynes,5,120693,1.8
undefeatable,12,120704,1.8
unstudied,9,120719,1.8
vais,4,120733,1.8
ventoux,7,120744,1.8
walia,5,120758,1.8
watervliet,10,120769,1.8
winnin,6,120781,1.8
wowzers,7,120792,1.8
yadin,5,120803,1.8
yzf,3,120814,1.8
zzzz,4,120827,1.8
aconite,7,120853,1.79
agip,4,120866,1.79
alethea,7,120880,1.79
amlodipine,10,120891,1.79
anw,3,120901,1.79
arina,5,120913,1.79
aurochs,7,120926,1.79
balbo,5,120937,1.79
basri,5,120950,1.79
bentaleb,8,120964,1.79
biti,4,120975,1.79
bolters,7,120986,1.79
brillouin,9,120999,1.79
bulow,5,121009,1.79
bwl,3,121020,1.79
carano,6,121032,1.79
centrica,8,121042,1.79
chigi,5,121053,1.79
cintra,6,121065,1.79
clydeside,9,121075,1.79
commendatore,12,121088,1.79
coronets,8,121101,1.79
cristin,7,121113,1.79
debe,4,121129,1.79
dentata,7,121143,1.79
diffie,6,121154,1.79
doonan,6,121169,1.79
dukan,5,121181,1.79
econoline,9,121191,1.79
elsbeth,7,121206,1.79
escorial,8,121219,1.79
exoteric,8,121230,1.79
feg,3,121243,1.79
filariasis,10,121257,1.79
flossy,6,121267,1.79
forsakes,8,121279,1.79
ftes,4,121293,1.79
gangwon,7,121303,1.79
gilas,5,121316,1.79
goines,6,121328,1.79
granulomas,10,121339,1.79
gurnard,7,121352,1.79
harleen,7,121367,1.79
henpecked,9,121378,1.79
hohen,5,121392,1.79
hscs,4,121404,1.79
icelandair,10,121414,1.79
immunised,9,121426,1.79
investable,10,121439,1.79
jarratt,7,121452,1.79
jodl,4,121464,1.79
kadokawa,8,121476,1.79
kcon,4,121486,1.79
khilafah,8,121497,1.79
koninklijke,11,121509,1.79
kunde,5,121520,1.79
lalanne,7,121532,1.79
lati,4,121543,1.79
levins,6,121555,1.79
lithographed,12,121567,1.79
lowlight,8,121578,1.79
maister,7,121589,1.79
maulvi,6,121602,1.79
medicago,8,121617,1.79
middlebrow,10,121628,1.79
mitm,4,121640,1.79
monthlies,9,121651,1.79
mumu,4,121663,1.79
nauruan,7,121676,1.79
nerium,6,121687,1.79
nordhaus,8,121699,1.79
nyaya,5,121712,1.79
oflife,6,121723,1.79
organismal,10,121735,1.79
otunga,6,121746,1.79
palpitating,11,121758,1.79
peelings,8,121771,1.79
phraya,6,121785,1.79
pmos,4,121798,1.79
pranced,7,121810,1.79
proffering,10,121823,1.79
quebecor,8,121836,1.79
rambert,7,121847,1.79
realz,5,121862,1.79
remick,6,121873,1.79
rheum,5,121886,1.79
roraima,7,121900,1.79
sacp,4,121912,1.79
scats,5,121924,1.79
scrunchies,10,121935,1.79
seppi,5,121946,1.79
sharat,6,121959,1.79
sicut,5,121972,1.79
simper,6,121982,1.79
snuggie,7,121994,1.79
sowie,5,122006,1.79
sportback,9,122016,1.79
starlite,8,122030,1.79
streator,8,122041,1.79
superga,7,122052,1.79
taille,6,122066,1.79
tevis,5,122078,1.79
tkr,3,122090,1.79
tranquilized,12,122101,1.79
tularemia,9,122113,1.79
unfenced,8,122130,1.79
urvashi,7,122143,1.79
venkaiah,8,122154,1.79
vinogradov,10,122166,1.79
wallner,7,122179,1.79
westmacott,10,122191,1.79
wigged,6,122202,1.79
wnet,4,122213,1.79
yaad,4,122227,1.79
ytterbium,9,122238,1.79
abadie,6,122261,1.78
advan,5,122272,1.78
agrochemical,12,122284,1.78
alecto,6,122296,1.78
amigurumi,9,122309,1.78
antipolo,8,122320,1.78
arriaga,7,122332,1.78
attard,6,122343,1.78
babyish,7,122355,1.78
barragan,8,122366,1.78
befalling,9,122379,1.78
bhumi,5,122389,1.78
bmv,3,122401,1.78
botev,5,122413,1.78
bregenz,7,122423,1.78
bullosa,7,122437,1.78
cambie,6,122449,1.78
castellated,11,122461,1.78
chainring,9,122474,1.78
chimaera,8,122486,1.78
clatsop,7,122499,1.78
codewords,9,122510,1.78
confi,5,122522,1.78
cordner,7,122532,1.78
csat,4,122548,1.78
dandan,6,122563,1.78
dedalus,7,122576,1.78
dhruva,6,122590,1.78
dlsu,4,122605,1.78
dressmakers,11,122617,1.78
ecotone,7,122630,1.78
elanna,6,122641,1.78
enner,5,122653,1.78
everynight,10,122667,1.78
faia,4,122679,1.78
femen,5,122692,1.78
finnmark,8,122703,1.78
flubber,7,122713,1.78
frahm,5,122725,1.78
gametophyte,11,122740,1.78
geoid,5,122750,1.78
gimignano,9,122761,1.78
gnomic,6,122774,1.78
gorgo,5,122786,1.78
grizzle,7,122797,1.78
hairdryers,10,122810,1.78
haun,4,122822,1.78
hend,4,122835,1.78
hinky,5,122846,1.78
honeoye,7,122856,1.78
huli,4,122867,1.78
ideapad,7,122880,1.78
infocom,7,122892,1.78
isopod,6,122904,1.78
jaq,3,122916,1.78
julissa,7,122926,1.78
kamikazes,9,122940,1.78
kewell,6,122951,1.78
knicker,7,122961,1.78
kuehl,5,122973,1.78
landrover,9,122984,1.78
lcg,3,122994,1.78
lewington,9,123006,1.78
loungewear,10,123021,1.78
maeterlinck,11,123034,1.78
mandoline,9,123045,1.78
masterbation,12,123059,1.78
mdh,3,123072,1.78
merr,4,123083,1.78
milsap,6,123094,1.78
monarchism,10,123105,1.78
mugwort,7,123116,1.78
nabucco,7,123128,1.78
ndlovu,6,123139,1.78
nightstick,10,123151,1.78
novelas,7,123165,1.78
occurance,9,123177,1.78
ontonagon,9,123188,1.78
ormeau,6,123202,1.78
ouvert,6,123214,1.78
papago,6,123226,1.78
pelargonium,11,123238,1.78
phoenixes,9,123248,1.78
pleasent,8,123260,1.78
portages,8,123272,1.78
preciosa,8,123284,1.78
progs,5,123296,1.78
purex,5,123308,1.78
ranier,6,123322,1.78
rebrands,8,123333,1.78
reposing,8,123344,1.78
risp,4,123356,1.78
rothbart,8,123370,1.78
sailcloth,9,123381,1.78
sarit,5,123392,1.78
sbux,4,123403,1.78
sematary,8,123418,1.78
setsuko,7,123428,1.78
shefford,8,123440,1.78
shuhei,6,123454,1.78
skimped,7,123464,1.78
sneezy,6,123476,1.78
sparkplug,9,123488,1.78
stative,7,123498,1.78
strader,7,123510,1.78
sulphite,8,123521,1.78
switchboards,12,123532,1.78
talis,5,123544,1.78
terrestris,10,123555,1.78
thrusted,8,123567,1.78
toji,4,123580,1.78
treasuring,10,123591,1.78
tulalip,7,123602,1.78
unocal,6,123616,1.78
ustedes,7,123627,1.78
virendra,8,123641,1.78
washburne,9,123656,1.78
whiteheads,10,123667,1.78
workgroups,10,123679,1.78
yamanashi,9,123692,1.78
zand,4,123702,1.78
zinnias,7,123714,1.78
abbreviating,12,123741,1.77
aday,4,123755,1.77
aiders,6,123766,1.77
alkyd,5,123777,1.77
anencephaly,11,123789,1.77
anuses,6,123801,1.77
arraign,7,123813,1.77
asteras,7,123825,1.77
avidity,7,123840,1.77
baldrige,8,123851,1.77
bayu,4,123863,1.77
berberis,8,123875,1.77
bioprinting,11,123887,1.77
blowhards,9,123898,1.77
brega,5,123910,1.77
buca,4,123921,1.77
campanula,9,123934,1.77
catoctin,8,123948,1.77
chesil,6,123963,1.77
clitics,7,123978,1.77
compline,8,123990,1.77
cordovan,8,124003,1.77
croome,6,124017,1.77
dacoits,7,124031,1.77
davion,6,124042,1.77
decrypts,8,124053,1.77
derisory,8,124064,1.77
dichromate,10,124076,1.77
disch,5,124086,1.77
donc,4,124098,1.77
drome,5,124109,1.77
easterner,9,124122,1.77
embellishes,11,124134,1.77
essos,5,124149,1.77
fahmi,5,124163,1.77
febuary,7,124175,1.77
firme,5,124188,1.77
fooking,7,124200,1.77
frien,5,124213,1.77
gamay,5,124226,1.77
georgio,7,124239,1.77
godparent,9,124254,1.77
griechische,11,124272,1.77
hakodate,8,124284,1.77
harten,6,124296,1.77
heaviside,9,124309,1.77
hermoso,7,124319,1.77
hoenig,6,124333,1.77
hsf,3,124344,1.77
icas,4,124355,1.77
ingush,6,124369,1.77
isic,4,124381,1.77
jamma,5,124391,1.77
jetset,6,124402,1.77
judenrat,8,124413,1.77
kanojo,6,124425,1.77
kess,4,124438,1.77
kjartan,7,124453,1.77
kostroma,8,124463,1.77
kurupt,6,124475,1.77
lamictal,8,124486,1.77
lawrance,8,124496,1.77
lissy,5,124510,1.77
loxton,6,124523,1.77
maclure,7,124534,1.77
manco,5,124546,1.77
marnix,6,124557,1.77
mcgeady,7,124567,1.77
meniscal,8,124579,1.77
miked,5,124591,1.77
mols,4,124602,1.77
mrcp,4,124613,1.77
mutilates,9,124627,1.77
natgeo,6,124642,1.77
nfhs,4,124654,1.77
norilsk,7,124664,1.77
observatoire,12,124677,1.77
oland,5,124688,1.77
orbi,4,124700,1.77
outshining,10,124712,1.77
pantheons,9,124724,1.77
pegida,6,124736,1.77
philoctetes,11,124747,1.77
plainness,9,124758,1.77
poptarts,8,124768,1.77
proceso,7,124782,1.77
psytrance,9,124795,1.77
qdoba,5,124805,1.77
ragazzi,7,124817,1.77
rankles,7,124831,1.77
recluses,8,124841,1.77
ricordi,7,124853,1.77
rosebush,8,124867,1.77
rundgren,8,124878,1.77
sanka,5,124893,1.77
schumaker,9,124905,1.77
sectorial,9,124915,1.77
shakuntala,10,124927,1.77
skanska,7,124938,1.77
somberly,8,124949,1.77
spiderwebs,10,124961,1.77
stonecutters,12,124972,1.77
submenu,7,124982,1.77
suport,6,124995,1.77
systole,7,125006,1.77
tdb,3,125017,1.77
thermogenic,11,125028,1.77
tinggi,6,125040,1.77
troian,6,125054,1.77
twitterati,10,125068,1.77
unfitness,9,125080,1.77
urmia,5,125092,1.77
veet,4,125103,1.77
volpone,7,125115,1.77
wallkill,8,125125,1.77
weatherall,10,125136,1.77
winchelsea,10,125147,1.77
wroughton,9,125161,1.77
yamen,5,125174,1.77
ystad,5,125185,1.77
aauw,4,125202,1.76
adlib,5,125214,1.76
alaykum,7,125227,1.76
amaravati,9,125239,1.76
angiosperm,10,125252,1.76
appli,5,125265,1.76
artsakh,7,125276,1.76
aubree,6,125288,1.76
bailon,6,125299,1.76
barch,5,125309,1.76
becuse,6,125322,1.76
bers,4,125333,1.76
bioelectric,11,125345,1.76
boesch,6,125358,1.76
brandan,7,125370,1.76
bunco,5,125384,1.76
caldron,7,125398,1.76
caroli,6,125410,1.76
cepr,4,125421,1.76
chanterelles,12,125434,1.76
chickasaws,10,125446,1.76
chrisley,8,125456,1.76
cobi,4,125469,1.76
concretes,9,125481,1.76
cordwood,8,125493,1.76
cravath,7,125504,1.76
curlin,6,125517,1.76
deathlok,8,125532,1.76
descant,7,125544,1.76
distinctness,12,125556,1.76
draftsmen,9,125568,1.76
duesseldorf,11,125580,1.76
ehren,5,125594,1.76
ests,4,125608,1.76
fabrique,8,125625,1.76
femora,6,125637,1.76
floret,6,125649,1.76
formals,7,125660,1.76
frosties,8,125671,1.76
gaige,5,125683,1.76
giguere,7,125695,1.76
godel,5,125707,1.76
greenport,9,125718,1.76
habbit,6,125732,1.76
harbottle,9,125742,1.76
hbsag,5,125753,1.76
hemmer,6,125766,1.76
hinderance,10,125776,1.76
hornblende,10,125787,1.76
hyrcanus,8,125799,1.76
impressment,11,125811,1.76
interoffice,11,125828,1.76
itto,4,125841,1.76
jeannot,7,125853,1.76
juvia,5,125865,1.76
kasserine,9,125876,1.76
keyway,6,125887,1.76
kise,4,125899,1.76
kojiro,6,125911,1.76
kulik,5,125923,1.76
laminations,11,125934,1.76
leath,5,125947,1.76
ligeia,6,125959,1.76
llandovery,10,125971,1.76
lugh,4,125983,1.76
madagascan,10,125994,1.76
maharajas,9,126005,1.76
marchmont,9,126017,1.76
mcdreamy,8,126027,1.76
menara,6,126041,1.76
midleton,8,126054,1.76
mirco,5,126065,1.76
monis,5,126080,1.76
moustapha,9,126092,1.76
mushers,7,126103,1.76
nassir,6,126117,1.76
nicey,5,126131,1.76
obtusely,8,126144,1.76
oiseau,6,126156,1.76
originalism,11,126168,1.76
ovenproof,9,126178,1.76
palapa,6,126189,1.76
pavlich,7,126201,1.76
peregrines,10,126214,1.76
phagocytic,10,126225,1.76
pinocchios,10,126239,1.76
plessey,7,126249,1.76
popu,4,126262,1.76
prefabs,7,126274,1.76
principio,9,126284,1.76
pureness,8,126297,1.76
radim,5,126309,1.76
rbk,3,126320,1.76
relly,5,126331,1.76
rockie,6,126344,1.76
rothery,7,126354,1.76
sacchi,6,126369,1.76
sallust,7,126380,1.76
sardesai,8,126390,1.76
schaal,6,126402,1.76
scullin,7,126413,1.76
shadier,7,126427,1.76
showstopping,12,126438,1.76
sistar,6,126449,1.76
solarte,7,126460,1.76
steeps,6,126474,1.76
stupids,7,126488,1.76
surinamese,10,126500,1.76
taxila,6,126517,1.76
tetramer,8,126529,1.76
tidak,5,126539,1.76
tontine,7,126551,1.76
transposons,11,126563,1.76
tsuga,5,126576,1.76
uncg,4,126588,1.76
urmston,7,126600,1.76
veatch,6,126612,1.76
vle,3,126626,1.76
wahh,4,126637,1.76
webdev,6,126649,1.76
whap,4,126661,1.76
windsors,8,126671,1.76
wrangles,8,126683,1.76
yesenia,7,126696,1.76
yuria,5,126706,1.76
actionaid,9,126738,1.75
aiya,4,126749,1.75
ambrogio,8,126759,1.75
apodaca,7,126775,1.75
argu,4,126786,1.75
atack,5,126798,1.75
avenges,7,126809,1.75
baen,4,126821,1.75
barrientos,10,126831,1.75
bedfellow,9,126844,1.75
berbice,7,126855,1.75
bigmouth,8,126865,1.75
blotto,6,126878,1.75
bovines,7,126890,1.75
buicks,6,126901,1.75
byomkesh,8,126912,1.75
candyfloss,10,126924,1.75
carme,5,126935,1.75
cellists,8,126946,1.75
chesnutt,8,126959,1.75
circumscribe,12,126969,1.75
cohasset,8,126980,1.75
compuware,9,126996,1.75
corbijn,7,127009,1.75
creampied,9,127021,1.75
culross,7,127032,1.75
dankest,7,127043,1.75
dedede,6,127055,1.75
deuel,5,127067,1.75
dirtbike,8,127079,1.75
doremus,7,127093,1.75
duckula,7,127105,1.75
edirne,6,127119,1.75
emmental,8,127132,1.75
epicureans,10,127145,1.75
eustatius,9,127158,1.75
facebooking,11,127174,1.75
fedexcup,8,127188,1.75
floc,4,127199,1.75
formant,7,127212,1.75
fritillary,10,127224,1.75
fuzes,5,127235,1.75
geertz,6,127248,1.75
gillham,7,127259,1.75
gph,3,127272,1.75
gunawan,7,127284,1.75
handbasket,10,127295,1.75
hbl,3,127308,1.75
helpmate,8,127320,1.75
hightail,8,127332,1.75
hlm,3,127342,1.75
hoyos,5,127353,1.75
icds,4,127369,1.75
importa,7,127381,1.75
inq,3,127393,1.75
ixodes,6,127407,1.75
jeng,4,127419,1.75
kaluga,6,127433,1.75
karpeles,8,127445,1.75
kennecott,9,127455,1.75
kitzinger,9,127467,1.75
krita,5,127478,1.75
lamberton,9,127489,1.75
lemahieu,8,127503,1.75
lmfaooo,7,127515,1.75
luego,5,127525,1.75
mahout,6,127537,1.75
mannarino,9,127549,1.75
martinsen,9,127560,1.75
mcmansions,10,127572,1.75
meloy,5,127585,1.75
micelle,7,127596,1.75
mirrorball,10,127610,1.75
molehills,9,127621,1.75
moonshiners,11,127632,1.75
muley,5,127645,1.75
mwanza,6,127656,1.75
narin,5,127671,1.75
nette,5,127683,1.75
nithya,6,127696,1.75
northman,8,127710,1.75
odesza,6,127723,1.75
oleum,5,127733,1.75
ortner,6,127745,1.75
palmira,7,127760,1.75
paresthesia,11,127771,1.75
pcps,4,127783,1.75
peur,4,127796,1.75
pictorials,10,127808,1.75
platting,8,127820,1.75
prachanda,9,127832,1.75
provenzano,10,127843,1.75
quintupled,10,127857,1.75
ransoming,9,127869,1.75
reblogged,9,127881,1.75
repatriates,11,127894,1.75
rincewind,9,127906,1.75
rosato,6,127919,1.75
sagarika,8,127934,1.75
santer,6,127946,1.75
schists,7,127956,1.75
shafik,6,127970,1.75
siculus,7,127983,1.75
simha,5,127993,1.75
skam,4,128004,1.75
sohc,4,128015,1.75
stanstead,9,128025,1.75
strake,6,128036,1.75
sulayman,8,128048,1.75
swathi,6,128060,1.75
tanti,5,128074,1.75
tedi,4,128087,1.75
thio,4,128101,1.75
tokes,5,128113,1.75
treas,5,128125,1.75
tumeric,7,128139,1.75
unamuno,7,128154,1.75
unrepaired,10,128166,1.75
usna,4,128178,1.75
venerating,10,128192,1.75
viole,5,128204,1.75
vorderman,9,128214,1.75
wcl,3,128225,1.75
wft,3,128237,1.75
wimberley,9,128247,1.75
wooow,5,128259,1.75
yatta,5,128273,1.75
yukie,5,128284,1.75
zoonoses,8,128295,1.75
accesories,10,128331,1.74
adlon,5,128341,1.74
albendazole,11,128355,1.74
altruist,8,128369,1.74
anes,4,128379,1.74
argenteuil,10,128391,1.74
assassinates,12,128402,1.74
axilla,6,128415,1.74
ballynahinch,12,128429,1.74
bellissima,10,128441,1.74
bickered,8,128453,1.74
bloodmoon,9,128465,1.74
boonen,6,128477,1.74
brainwashes,11,128488,1.74
bryer,5,128499,1.74
cabra,5,128512,1.74
catechumens,11,128525,1.74
cgf,3,128536,1.74
chondrite,9,128547,1.74
cnw,3,128559,1.74
commoditized,12,128571,1.74
cottony,7,128585,1.74
cuerpo,6,128598,1.74
dardenne,8,128609,1.74
depok,5,128623,1.74
diga,4,128634,1.74
dnas,4,128646,1.74
drie,4,128659,1.74
echa,4,128670,1.74
elmslie,7,128684,1.74
envyus,6,128695,1.74
ethnologists,12,128707,1.74
facesitting,11,128719,1.74
fero,4,128731,1.74
flimsiest,9,128744,1.74
frayn,5,128760,1.74
furqan,6,128771,1.74
gavotte,7,128784,1.74
geron,5,128796,1.74
glenoid,7,128809,1.74
gregers,7,128823,1.74
haglund,7,128836,1.74
hamble,6,128846,1.74
hcd,3,128857,1.74
heru,4,128869,1.74
hoenn,5,128881,1.74
hoyland,7,128893,1.74
ilt,3,128906,1.74
initialism,10,128920,1.74
istrian,7,128935,1.74
jisoo,5,128948,1.74
kailyn,6,128961,1.74
kawabata,8,128972,1.74
kirstein,8,128984,1.74
kuhlman,7,128996,1.74
lakshmana,9,129007,1.74
latissimus,10,129018,1.74
leonhart,8,129029,1.74
lifo,4,129041,1.74
lockups,7,129053,1.74
ludwigshafen,12,129066,1.74
mainlander,10,129081,1.74
mariane,7,129093,1.74
matha,5,129104,1.74
mellors,7,129116,1.74
microstrip,10,129129,1.74
minghella,9,129139,1.74
mongooses,9,129152,1.74
msme,4,129166,1.74
narasimhan,10,129180,1.74
neuvirth,8,129192,1.74
nmfs,4,129204,1.74
oatman,6,129218,1.74
olpc,4,129230,1.74
osteoporotic,12,129242,1.74
ozcan,5,129254,1.74
paratype,8,129268,1.74
peope,5,129279,1.74
persil,6,129290,1.74
philodendron,12,129304,1.74
pkp,3,129319,1.74
pode,4,129329,1.74
prefilled,9,129340,1.74
psyduck,7,129351,1.74
quina,5,129364,1.74
rapala,6,129377,1.74
redlight,8,129391,1.74
resch,5,129404,1.74
rogier,6,129415,1.74
salespersons,12,129430,1.74
scaup,5,129442,1.74
seawolves,9,129455,1.74
sepik,5,129467,1.74
sharyl,6,129479,1.74
shoddily,8,129490,1.74
signorina,9,129502,1.74
skylarks,8,129512,1.74
soave,5,129524,1.74
spellbook,9,129539,1.74
sruthi,6,129549,1.74
stemless,8,129561,1.74
summations,10,129574,1.74
sylvian,7,129587,1.74
tartary,7,129599,1.74
terhune,7,129610,1.74
thermaltake,11,129620,1.74
tinchy,6,129633,1.74
toucher,7,129644,1.74
trec,4,129657,1.74
tskhinvali,10,129670,1.74
unconference,12,129685,1.74
upholder,8,129695,1.74
vallabhbhai,11,129706,1.74
visu,4,129718,1.74
warragul,8,129733,1.74
wheaten,7,129744,1.74
wollman,7,129756,1.74
xiangyang,9,129767,1.74
zacharie,8,129779,1.74
aadvantage,10,129805,1.73
achaia,6,129818,1.73
afrobeats,9,129830,1.73
ainsi,5,129841,1.73
amasses,7,129853,1.73
apically,8,129865,1.73
arnd,4,129877,1.73
ator,4,129891,1.73
bachan,6,129904,1.73
barrons,7,129915,1.73
bellyache,9,129926,1.73
bifurcations,12,129937,1.73
blackhearts,11,129947,1.73
bollen,6,129958,1.73
brainier,8,129971,1.73
bullous,7,129982,1.73
calenders,9,129995,1.73
caradoc,7,130006,1.73
cascio,6,130019,1.73
ceca,4,130032,1.73
cheezy,6,130044,1.73
cifuentes,9,130056,1.73
cogeco,6,130068,1.73
condemnable,11,130082,1.73
cosmologies,11,130093,1.73
crockford,9,130105,1.73
cyanate,7,130119,1.73
dargan,6,130130,1.73
denialists,10,130142,1.73
diegetic,8,130154,1.73
dodoma,6,130166,1.73
droped,6,130180,1.73
eckman,6,130192,1.73
engorgement,11,130204,1.73
euthanizing,11,130216,1.73
falsifies,9,130230,1.73
fenny,5,130240,1.73
finepix,7,130251,1.73
footwell,8,130263,1.73
fronde,6,130274,1.73
fuwa,4,130286,1.73
gegenwart,9,130297,1.73
gladioli,8,130309,1.73
gpb,3,130320,1.73
haack,5,130331,1.73
hanly,5,130341,1.73
heimat,6,130352,1.73
highwater,9,130365,1.73
hocker,6,130375,1.73
hotta,5,130386,1.73
igy,3,130401,1.73
infinix,7,130413,1.73
ispr,4,130426,1.73
janny,5,130440,1.73
jiggers,7,130450,1.73
juta,4,130461,1.73
kapila,6,130473,1.73
kerrick,7,130484,1.73
kizuna,6,130498,1.73
kuczynski,9,130510,1.73
langage,7,130521,1.73
leauge,6,130532,1.73
liebknecht,10,130543,1.73
longships,9,130556,1.73
lutetia,7,130567,1.73
mactan,6,130579,1.73
majorette,9,130591,1.73
marchionne,10,130602,1.73
mcfc,4,130619,1.73
melanson,8,130629,1.73
metes,5,130642,1.73
miyabi,6,130656,1.73
moret,5,130667,1.73
naaah,5,130679,1.73
narrabeen,9,130689,1.73
netty,5,130700,1.73
nmw,3,130711,1.73
nulled,6,130721,1.73
oculi,5,130734,1.73
olympe,6,130745,1.73
organoleptic,12,130756,1.73
overbeck,8,130767,1.73
panta,5,130781,1.73
patency,7,130791,1.73
personalty,10,130802,1.73
pide,4,130813,1.73
plumeria,8,130826,1.73
poppi,5,130839,1.73
pregabalin,10,130851,1.73
puigdemont,10,130865,1.73
quique,6,130878,1.73
ranjeet,7,130891,1.73
recondite,9,130902,1.73
remanding,9,130914,1.73
reverbnation,12,130927,1.73
rinder,6,130938,1.73
rotarians,9,130950,1.73
ruki,4,130963,1.73
samin,5,130976,1.73
satur,5,130988,1.73
scitech,7,131000,1.73
sebas,5,131012,1.73
sendo,5,131024,1.73
sherrard,8,131039,1.73
shumlin,7,131049,1.73
sivas,5,131061,1.73
smoulder,8,131074,1.73
sorna,5,131087,1.73
speidel,7,131099,1.73
staffroom,9,131111,1.73
stre,4,131121,1.73
sukhothai,9,131133,1.73
sweary,6,131146,1.73
taslima,7,131156,1.73
thatchers,9,131167,1.73
tiredly,7,131179,1.73
toop,4,131189,1.73
tragi,5,131203,1.73
tuticorin,9,131216,1.73
unia,4,131228,1.73
uteri,5,131239,1.73
verbo,5,131252,1.73
vods,4,131262,1.73
wardwell,8,131275,1.73
wery,4,131286,1.73
windhorst,9,131300,1.73
wyche,5,131312,1.73
yingluck,8,131324,1.73
zerohedge,9,131339,1.73
adare,5,131366,1.72
ahas,4,131380,1.72
alexandrina,11,131393,1.72
amca,4,131405,1.72
annd,4,131419,1.72
appe,4,131432,1.72
ashrams,7,131444,1.72
awo,3,131460,1.72
barranca,8,131472,1.72
beedle,6,131484,1.72
bibbs,5,131496,1.72
blakiston,9,131507,1.72
bontemps,8,131519,1.72
brightwood,10,131533,1.72
buckboard,9,131543,1.72
campe,5,131557,1.72
carryon,7,131570,1.72
ccsd,4,131581,1.72
cheeta,6,131593,1.72
cissie,6,131606,1.72
coalmining,10,131617,1.72
coomer,6,131638,1.72
crawfords,9,131651,1.72
cuppy,5,131663,1.72
darkhorse,9,131675,1.72
dehra,5,131687,1.72
dependance,10,131699,1.72
dhara,5,131711,1.72
distractedly,12,131724,1.72
douses,6,131737,1.72
dubliner,8,131749,1.72
eeeh,4,131764,1.72
embree,6,131776,1.72
epona,5,131787,1.72
etsuko,6,131797,1.72
eyo,3,131811,1.72
fidgeted,8,131824,1.72
flounces,8,131835,1.72
frappuccinos,12,131847,1.72
frontalis,9,131859,1.72
gallerie,8,131869,1.72
giap,4,131883,1.72
glinka,6,131894,1.72
gopers,6,131907,1.72
grindle,7,131918,1.72
hairiest,8,131930,1.72
harriss,7,131940,1.72
heatproof,9,131953,1.72
hhd,3,131966,1.72
hongdae,7,131976,1.72
hydroxyzine,11,131988,1.72
illo,4,132001,1.72
investiga,9,132016,1.72
ivaylo,6,132029,1.72
jayasuriya,10,132041,1.72
jonno,5,132052,1.72
karai,5,132065,1.72
kerfoot,7,132076,1.72
kitchenettes,12,132089,1.72
komori,6,132100,1.72
kulp,4,132111,1.72
lakeman,7,132122,1.72
lehn,4,132134,1.72
lightbody,9,132146,1.72
lmn,3,132157,1.72
lumpia,6,132171,1.72
magico,6,132186,1.72
manso,5,132199,1.72
mawer,5,132211,1.72
mengistu,8,132226,1.72
metonymy,8,132238,1.72
mirae,5,132254,1.72
monoprice,9,132267,1.72
mujahedeen,10,132279,1.72
mxm,3,132290,1.72
natha,5,132303,1.72
nekrasov,8,132314,1.72
nishiki,7,132329,1.72
nurs,4,132343,1.72
ohsaa,5,132353,1.72
orlovsky,8,132365,1.72
owne,4,132378,1.72
paranaense,10,132390,1.72
peine,5,132404,1.72
phobe,5,132416,1.72
polnareff,9,132428,1.72
preemies,8,132439,1.72
psac,4,132451,1.72
putu,4,132462,1.72
quraishi,8,132476,1.72
ratnam,6,132488,1.72
rememberance,12,132499,1.72
revolucion,10,132511,1.72
rinky,5,132522,1.72
rosine,6,132534,1.72
rubia,5,132548,1.72
salvadorean,11,132564,1.72
satch,5,132574,1.72
scotians,8,132586,1.72
seongnam,8,132599,1.72
shahab,6,132610,1.72
siloed,6,132625,1.72
slidin,6,132637,1.72
solani,6,132649,1.72
spalletti,9,132660,1.72
steg,4,132675,1.72
substrata,9,132688,1.72
supraorbital,12,132700,1.72
taenia,6,132711,1.72
teej,4,132721,1.72
therion,7,132734,1.72
tlaxcala,8,132745,1.72
trainin,7,132758,1.72
trofeo,6,132771,1.72
uhg,3,132782,1.72
uncrewed,8,132793,1.72
unvarying,9,132806,1.72
valores,7,132817,1.72
viernes,7,132828,1.72
vologda,7,132839,1.72
waitlisted,10,132850,1.72
watter,6,132862,1.72
westby,6,132873,1.72
wiggler,7,132884,1.72
woodcutters,11,132896,1.72
xstrata,7,132909,1.72
yoshimitsu,10,132921,1.72
zaka,4,132933,1.72
abap,4,132960,1.71
advisability,12,132970,1.71
algie,5,132983,1.71
amagansett,10,132995,1.71
andoni,6,133006,1.71
antiguan,8,133019,1.71
aqha,4,133032,1.71
ascs,4,133042,1.71
autoclaves,10,133055,1.71
backorder,9,133067,1.71
bashevis,8,133079,1.71
bellegarde,10,133093,1.71
bidness,7,133105,1.71
blackmoor,9,133115,1.71
bohl,4,133127,1.71
borba,5,133138,1.71
bridgeview,10,133150,1.71
burntisland,11,133162,1.71
candlewick,10,133174,1.71
carstensen,10,133185,1.71
cbx,3,133196,1.71
chatelet,8,133207,1.71
chittoor,8,133217,1.71
cirebon,7,133228,1.71
collarless,10,133241,1.71
configs,7,133252,1.71
crighton,8,133264,1.71
dalry,5,133280,1.71
debray,6,133291,1.71
dependently,11,133303,1.71
diel,4,133315,1.71
donnel,6,133328,1.71
duveen,6,133339,1.71
elasticated,11,133350,1.71
elmes,5,133361,1.71
epdm,4,133375,1.71
evap,4,133389,1.71
fainthearted,12,133401,1.71
fellah,6,133414,1.71
firered,7,133428,1.71
flyball,7,133438,1.71
frf,3,133453,1.71
gbt,3,133468,1.71
gimple,6,133479,1.71
grammophon,10,133494,1.71
guddu,5,133505,1.71
hallucinates,12,133517,1.71
hashrate,8,133530,1.71
highscore,9,133543,1.71
hourani,7,133555,1.71
ichthyosaurs,12,133568,1.71
imposture,9,133583,1.71
insurgence,10,133595,1.71
ishigaki,8,133609,1.71
jarmo,5,133622,1.71
jongg,5,133632,1.71
kantrowitz,10,133645,1.71
kenwright,9,133658,1.71
kincade,7,133669,1.71
ktn,3,133683,1.71
laidler,7,133694,1.71
latur,5,133704,1.71
liberte,7,133719,1.71
lpf,3,133732,1.71
madres,6,133747,1.71
manitoulin,10,133758,1.71
marinko,7,133770,1.71
mazzoni,7,133783,1.71
melanesians,11,133794,1.71
metrolinx,9,133806,1.71
milles,6,133817,1.71
mixologists,11,133829,1.71
morillo,7,133839,1.71
muntari,7,133852,1.71
nationales,10,133864,1.71
niarchos,8,133877,1.71
noomi,5,133889,1.71
nwosu,5,133900,1.71
opryland,8,133910,1.71
outgrowths,10,133921,1.71
paintjob,8,133932,1.71
pasto,5,133944,1.71
peleus,6,133958,1.71
petrodollar,11,133972,1.71
photostat,9,133982,1.71
pkt,3,133995,1.71
polys,5,134008,1.71
prefontaine,11,134020,1.71
prostrating,11,134032,1.71
qna,3,134046,1.71
ramgarh,7,134056,1.71
redwine,7,134068,1.71
restyling,9,134080,1.71
riesen,6,134090,1.71
roessler,8,134103,1.71
russie,6,134115,1.71
sange,5,134125,1.71
scandrick,9,134137,1.71
secolo,6,134148,1.71
sfd,3,134161,1.71
shitholes,9,134173,1.71
skilton,7,134186,1.71
soever,6,134197,1.71
spex,4,134208,1.71
stefanik,8,134221,1.71
subbu,5,134235,1.71
swigging,8,134250,1.71
tedy,4,134267,1.71
tempelhof,9,134277,1.71
thanes,6,134290,1.71
tmax,4,134301,1.71
toriko,6,134312,1.71
traverso,8,134324,1.71
twelvetrees,11,134336,1.71
unhooking,9,134351,1.71
uuid,4,134363,1.71
venkateswara,12,134375,1.71
villefort,9,134386,1.71
walketh,7,134400,1.71
westerberg,10,134411,1.71
windpower,9,134424,1.71
wwp,3,134435,1.71
yorck,5,134449,1.71
zera,4,134464,1.71
acquirement,11,134486,1.7
agag,4,134499,1.7
aliev,5,134509,1.7
alwan,5,134520,1.7
angelia,7,134532,1.7
antidiabetic,12,134543,1.7
archrivals,10,134554,1.7
arterials,9,134566,1.7
atlantique,10,134578,1.7
awar,4,134591,1.7
backpay,7,134603,1.7
barsky,6,134613,1.7
beier,5,134625,1.7
bermudagrass,12,134638,1.7
bifunctional,12,134649,1.7
blandy,6,134661,1.7
borivali,8,134672,1.7
brazils,7,134684,1.7
buddie,6,134698,1.7
caddying,8,134711,1.7
camos,5,134721,1.7
careerism,9,134732,1.7
castine,7,134742,1.7
ceramicist,10,134755,1.7
chennault,9,134768,1.7
choshu,6,134779,1.7
clairol,7,134792,1.7
cockamamie,10,134804,1.7
comradery,9,134817,1.7
constantinos,12,134831,1.7
countr,6,134845,1.7
cryosphere,10,134855,1.7
dampeners,9,134868,1.7
deaconesses,11,134879,1.7
delica,6,134892,1.7
dhaba,5,134907,1.7
diomede,7,134918,1.7
dolling,7,134929,1.7
dreadlock,9,134941,1.7
econom,6,134954,1.7
elvina,6,134964,1.7
entei,5,134976,1.7
esteves,7,134987,1.7
fach,4,135000,1.7
farzad,6,135013,1.7
finiteness,10,135028,1.7
foreward,8,135039,1.7
fuckwad,7,135052,1.7
ganley,6,135063,1.7
geodesics,9,135075,1.7
glasto,6,135086,1.7
gravesites,10,135099,1.7
groll,5,135112,1.7
gurira,6,135124,1.7
harn,4,135137,1.7
hectolitres,11,135147,1.7
heterodoxy,10,135159,1.7
hjort,5,135170,1.7
hollo,5,135180,1.7
hro,3,135191,1.7
hylas,5,135204,1.7
imagina,7,135216,1.7
ingall,6,135228,1.7
ishibashi,9,135241,1.7
jassy,5,135252,1.7
kaffirs,7,135267,1.7
kazin,5,135279,1.7
killigrew,9,135289,1.7
kram,4,135301,1.7
lachish,7,135313,1.7
landreth,8,135325,1.7
lepine,6,135336,1.7
livest,6,135349,1.7
lowood,6,135361,1.7
mandrill,8,135375,1.7
masekela,8,135387,1.7
mcnichol,8,135400,1.7
metahumans,10,135413,1.7
midpoints,9,135425,1.7
milley,6,135435,1.7
missio,6,135446,1.7
monetarism,10,135459,1.7
mouche,6,135470,1.7
nagios,6,135482,1.7
neut,4,135495,1.7
nimbleness,10,135507,1.7
noticia,7,135518,1.7
oarsman,7,135530,1.7
okays,5,135540,1.7
ostara,6,135552,1.7
paktia,6,135564,1.7
pavone,6,135576,1.7
peremptorily,12,135589,1.7
philatelist,11,135602,1.7
pittenger,9,135613,1.7
politis,7,135624,1.7
posher,6,135635,1.7
premarin,8,135646,1.7
psychologies,12,135661,1.7
qst,3,135675,1.7
railroader,10,135688,1.7
redesdale,9,135700,1.7
restocks,8,135714,1.7
ringa,5,135725,1.7
rougier,7,135737,1.7
ryce,4,135749,1.7
salvesen,8,135762,1.7
schooley,8,135776,1.7
seamers,7,135788,1.7
settees,7,135800,1.7
sherwani,8,135812,1.7
similis,7,135823,1.7
smethurst,9,135834,1.7
spatters,8,135848,1.7
stambaugh,9,135861,1.7
suasion,7,135873,1.7
summum,6,135885,1.7
suras,5,135897,1.7
takai,5,135911,1.7
taxus,5,135923,1.7
teruel,6,135934,1.7
timberwolf,10,135945,1.7
tortas,6,135959,1.7
tripolis,8,135970,1.7
turfing,7,135982,1.7
uncial,6,135996,1.7
unnerves,8,136009,1.7
usurer,6,136020,1.7
veggietales,11,136031,1.7
vish,4,136044,1.7
waukee,6,136055,1.7
whibley,7,136069,1.7
windbreaks,10,136081,1.7
worketh,7,136093,1.7
xur,3,136105,1.7
yoong,5,136119,1.7
zemlya,6,136130,1.7
abednego,8,136164,1.69
afis,4,136177,1.69
akhmatova,9,136189,1.69
amz,3,136202,1.69
aquitania,9,136218,1.69
arraylist,9,136229,1.69
aui,3,136243,1.69
backings,8,136255,1.69
ballerini,9,136266,1.69
barranco,8,136279,1.69
beeler,6,136291,1.69
berens,6,136302,1.69
binion,6,136313,1.69
blomquist,9,136324,1.69
botella,7,136335,1.69
browbeating,11,136351,1.69
bunkie,6,136363,1.69
candelabras,11,136376,1.69
castaic,7,136389,1.69
chapmans,8,136399,1.69
chini,5,136412,1.69
clathrate,9,136425,1.69
cojo,4,136435,1.69
contrariwise,12,136448,1.69
cowslip,7,136461,1.69
cruft,5,136472,1.69
dahil,5,136487,1.69
dayle,5,136498,1.69
dehn,4,136510,1.69
descender,9,136524,1.69
dilettantes,11,136537,1.69
diskettes,9,136549,1.69
dolin,5,136561,1.69
dzong,5,136576,1.69
efrem,5,136588,1.69
enchanters,10,136602,1.69
ervine,6,136614,1.69
evren,5,136624,1.69
fatone,6,136636,1.69
fhfa,4,136648,1.69
foodways,8,136658,1.69
foxgloves,9,136669,1.69
fuckboys,8,136682,1.69
galler,6,136693,1.69
gedaliah,8,136705,1.69
gigabits,8,136719,1.69
gogebic,7,136731,1.69
gracenote,9,136742,1.69
guffey,6,136756,1.69
hackl,5,136767,1.69
harborside,10,136780,1.69
heartthrobs,11,136790,1.69
hinz,4,136806,1.69
homecomings,11,136817,1.69
hungriest,9,136830,1.69
icx,3,136844,1.69
infilled,8,136857,1.69
ipomoea,7,136868,1.69
jagga,5,136880,1.69
jonn,4,136894,1.69
junoon,6,136905,1.69
keer,4,136919,1.69
kidjo,5,136930,1.69
koza,4,136943,1.69
lachmann,8,136954,1.69
laurell,7,136967,1.69
leota,5,136979,1.69
lilias,6,136992,1.69
loincloths,10,137004,1.69
macallister,11,137017,1.69
magherafelt,11,137030,1.69
mangels,7,137042,1.69
masvingo,8,137054,1.69
mcnichols,9,137068,1.69
memebers,8,137081,1.69
microdosing,11,137091,1.69
mirepoix,8,137106,1.69
mochas,6,137117,1.69
montesano,9,137130,1.69
movado,6,137141,1.69
mymensingh,10,137155,1.69
nbcu,4,137166,1.69
netzer,6,137178,1.69
ningaloo,8,137193,1.69
npy,3,137204,1.69
oeste,5,137221,1.69
onepiece,8,137232,1.69
outhwaite,9,137243,1.69
palmisano,9,137256,1.69
pateman,7,137268,1.69
peterlee,8,137279,1.69
pilothouse,10,137293,1.69
playout,7,137304,1.69
porges,6,137314,1.69
prestonpans,11,137327,1.69
pulsates,8,137343,1.69
quat,4,137354,1.69
rahner,6,137367,1.69
reaaaally,9,137381,1.69
rehear,6,137392,1.69
revy,4,137405,1.69
rockabye,8,137419,1.69
rottenness,10,137430,1.69
samanta,7,137443,1.69
saut,4,137455,1.69
seacole,7,137466,1.69
semele,6,137477,1.69
shako,5,137490,1.69
shiprock,8,137500,1.69
situationist,12,137512,1.69
smartwater,10,137523,1.69
soldo,5,137533,1.69
spraining,9,137546,1.69
strophe,7,137560,1.69
superceded,10,137573,1.69
tachikawa,9,137589,1.69
tarns,5,137600,1.69
termen,6,137613,1.69
thiefs,6,137625,1.69
tiros,5,137637,1.69
toughed,7,137649,1.69
truesdell,9,137663,1.69
tyla,4,137676,1.69
unreflective,12,137688,1.69
urothelial,10,137700,1.69
vancity,7,137711,1.69
vicariate,9,137722,1.69
vob,3,137733,1.69
welsch,6,137747,1.69
winckelmann,11,137759,1.69
xem,3,137774,1.69
youssou,7,137787,1.69
aaps,4,137822,1.68
adresse,7,137837,1.68
aigner,6,137847,1.68
alkylated,9,137859,1.68
americanize,11,137871,1.68
anosmia,7,137885,1.68
arcaded,7,137902,1.68
arnell,6,137914,1.68
attatched,9,137925,1.68
avital,6,137936,1.68
baglioni,8,137949,1.68
barka,5,137959,1.68
beej,4,137971,1.68
bermudians,10,137983,1.68
bigley,6,137994,1.68
borned,6,138006,1.68
brassicas,9,138019,1.68
bucer,5,138032,1.68
cael,4,138045,1.68
carnauba,8,138057,1.68
caudwell,8,138068,1.68
chagos,6,138081,1.68
chinle,6,138092,1.68
coeli,5,138102,1.68
comfortingly,12,138114,1.68
counterforce,12,138134,1.68
crosson,7,138144,1.68
czestochowa,11,138155,1.68
datto,5,138167,1.68
deltoids,8,138180,1.68
deviousness,11,138191,1.68
dispo,5,138205,1.68
dorso,5,138217,1.68
duffus,6,138228,1.68
eei,3,138242,1.68
elvan,5,138253,1.68
ennoble,7,138264,1.68
etal,4,138276,1.68
exactions,9,138288,1.68
fairbrother,11,138302,1.68
feedin,6,138314,1.68
firebending,11,138327,1.68
frejus,6,138338,1.68
gabrovo,7,138349,1.68
gefilte,7,138360,1.68
gluey,5,138375,1.68
gotra,5,138389,1.68
gsxr,4,138401,1.68
hakkasan,8,138413,1.68
hatsu,5,138424,1.68
helipads,8,138434,1.68
hiney,5,138446,1.68
homophonic,10,138459,1.68
humanising,10,138470,1.68
idolmaster,10,138483,1.68
industrywide,12,138501,1.68
iqra,4,138515,1.68
itas,4,138526,1.68
jeonju,6,138539,1.68
joses,5,138552,1.68
junsu,5,138564,1.68
karmakar,8,138576,1.68
kiff,4,138586,1.68
koloff,6,138598,1.68
kuemper,7,138609,1.68
lalitha,7,138620,1.68
leam,4,138631,1.68
levitates,9,138642,1.68
lionello,8,138653,1.68
lordsburg,9,138664,1.68
lumby,5,138675,1.68
madbum,6,138686,1.68
mallin,6,138699,1.68
marples,7,138716,1.68
mauvais,7,138728,1.68
meca,4,138741,1.68
metagenomic,11,138753,1.68
mikvah,6,138766,1.68
mmpi,4,138778,1.68
monu,4,138790,1.68
mtfs,4,138800,1.68
myoclonus,9,138811,1.68
nankai,6,138822,1.68
nemi,4,138835,1.68
ninomiya,8,138849,1.68
noscript,8,138860,1.68
obligating,10,138876,1.68
orlean,6,138888,1.68
ovine,5,138902,1.68
parfaits,8,138914,1.68
pcworld,7,138926,1.68
peste,5,138938,1.68
pinback,7,138951,1.68
politican,9,138962,1.68
pouched,7,138972,1.68
proneness,9,138989,1.68
radome,6,139006,1.68
rbw,3,139016,1.68
relatability,12,139030,1.68
rhic,4,139042,1.68
roflmao,7,139054,1.68
ruru,4,139066,1.68
sahra,5,139079,1.68
sarovar,7,139091,1.68
scamps,6,139102,1.68
sculptress,10,139113,1.68
seymore,7,139126,1.68
sherratt,8,139137,1.68
siegle,6,139148,1.68
skai,4,139158,1.68
snooper,7,139170,1.68
sorg,4,139182,1.68
sqs,3,139192,1.68
stifler,7,139206,1.68
sugai,5,139220,1.68
swasey,6,139232,1.68
tahar,5,139245,1.68
tasneem,7,139259,1.68
tetrapod,8,139270,1.68
thuli,5,139284,1.68
torrevieja,10,139298,1.68
tribespeople,12,139308,1.68
tweddle,7,139323,1.68
underactive,11,139336,1.68
urawa,5,139347,1.68
vandervoort,11,139359,1.68
venise,6,139371,1.68
viollet,7,139382,1.68
wahhab,6,139394,1.68
wendler,7,139406,1.68
wisin,5,139419,1.68
wooooooo,8,139430,1.68
yaku,4,139444,1.68
zalmi,5,139454,1.68
aall,4,139495,1.67
adblocker,9,139508,1.67
ahamed,6,139520,1.67
allagash,8,139532,1.67
ambulation,10,139544,1.67
angelita,8,139556,1.67
appeases,8,139570,1.67
arly,4,139582,1.67
asturian,8,139595,1.67
avison,6,139606,1.67
baggott,7,139618,1.67
baramulla,9,139629,1.67
belaying,8,139642,1.67
bernet,6,139655,1.67
bianka,6,139667,1.67
bisection,9,139680,1.67
bochner,7,139692,1.67
bornean,7,139702,1.67
braydon,7,139715,1.67
burgon,6,139729,1.67
canadia,7,139741,1.67
cassiodorus,11,139753,1.67
cellent,7,139765,1.67
cheesemaker,11,139780,1.67
chizu,5,139793,1.67
cker,4,139805,1.67
cofc,4,139816,1.67
companywide,11,139828,1.67
corless,7,139842,1.67
cranio,6,139854,1.67
cyperus,7,139866,1.67
darude,6,139877,1.67
decelerates,11,139888,1.67
dette,5,139901,1.67
dissuades,9,139912,1.67
dommes,6,139925,1.67
dragstrip,9,139936,1.67
ducharme,8,139947,1.67
dynamiting,10,139958,1.67
ehret,5,139972,1.67
endif,5,139984,1.67
epistola,8,139996,1.67
etah,4,140007,1.67
extraditing,11,140017,1.67
favorit,7,140032,1.67
fillin,6,140044,1.67
flourless,9,140056,1.67
fornicators,11,140067,1.67
fyrom,5,140081,1.67
genta,5,140096,1.67
goalkicking,11,140109,1.67
graphology,10,140122,1.67
growlithe,9,140133,1.67
haer,4,140145,1.67
hauptman,8,140156,1.67
hfpa,4,140170,1.67
homolka,7,140181,1.67
hushing,7,140194,1.67
ihad,4,140205,1.67
inagaki,7,140217,1.67
ipilimumab,10,140234,1.67
jailbreaks,10,140246,1.67
jenis,5,140257,1.67
juxta,5,140269,1.67
karambit,8,140279,1.67
keizai,6,140290,1.67
killmonger,10,140302,1.67
koel,4,140313,1.67
krank,5,140324,1.67
kushi,5,140335,1.67
lascar,6,140346,1.67
leclercq,8,140358,1.67
limeade,7,140369,1.67
longmore,8,140379,1.67
lupinus,7,140390,1.67
makefile,8,140403,1.67
marsham,7,140416,1.67
mcpe,4,140430,1.67
mencia,6,140441,1.67
middleboro,10,140453,1.67
mirs,4,140467,1.67
moncure,7,140480,1.67
muggs,5,140491,1.67
mutlaq,6,140503,1.67
naroda,6,140516,1.67
neild,5,140527,1.67
nicknaming,10,140541,1.67
normcore,8,140554,1.67
occiput,7,140566,1.67
onomatopoeic,12,140577,1.67
outerbridge,11,140589,1.67
pageboy,7,140600,1.67
parliment,9,140611,1.67
peor,4,140625,1.67
pewaukee,8,140636,1.67
platooning,10,140649,1.67
polyatomic,10,140661,1.67
pouya,5,140671,1.67
proteoglycan,12,140682,1.67
rabba,5,140696,1.67
rde,3,140708,1.67
rehoboam,8,140721,1.67
revealingly,11,140732,1.67
ritts,5,140743,1.67
rrsps,5,140757,1.67
saifullah,9,140769,1.67
sarva,5,140780,1.67
schlage,7,140793,1.67
senario,7,140805,1.67
shakespeares,12,140815,1.67
shinran,7,140826,1.67
sideboob,8,140837,1.67
skoog,5,140847,1.67
soother,7,140860,1.67
spotlessly,10,140873,1.67
stigmatizes,11,140884,1.67
stubbly,7,140896,1.67
sumption,8,140906,1.67
sweetmeat,9,140920,1.67
taggert,7,140932,1.67
taus,4,140943,1.67
tenko,5,140955,1.67
thousandfold,12,140967,1.67
tizi,4,140977,1.67
transborder,11,140990,1.67
tuggle,6,141004,1.67
ubb,3,141016,1.67
unstick,7,141034,1.67
vastus,6,141046,1.67
vihear,6,141057,1.67
vsb,3,141069,1.67
wallpapered,11,141080,1.67
wehr,4,141092,1.67
whitcombe,9,141104,1.67
wops,4,141116,1.67
xenu,4,141127,1.67
yonatan,7,141139,1.67
zeni,4,141151,1.67
abkhazian,9,141188,1.66
actas,5,141200,1.66
affeldt,7,141211,1.66
ajai,4,141222,1.66
alpinist,8,141235,1.66
anamika,7,141249,1.66
apokolips,9,141261,1.66
arghhh,6,141272,1.66
ascham,6,141284,1.66
attucks,7,141296,1.66
bacteroides,11,141307,1.66
barbet,6,141319,1.66
beechworth,10,141331,1.66
benefactions,12,141344,1.66
bharathi,8,141358,1.66
blanford,8,141369,1.66
bogeyed,7,141381,1.66
bramson,7,141392,1.66
bundler,7,141405,1.66
caciques,8,141420,1.66
canarian,8,141432,1.66
catra,5,141443,1.66
cenotes,7,141454,1.66
chatwood,8,141466,1.66
chito,5,141476,1.66
cixous,6,141488,1.66
coletta,7,141500,1.66
compendiums,11,141512,1.66
corban,6,141526,1.66
crispies,8,141544,1.66
culms,5,141554,1.66
damara,6,141567,1.66
deadliness,10,141578,1.66
denisovans,10,141590,1.66
dicamba,7,141602,1.66
dnevnik,7,141619,1.66
draggers,8,141630,1.66
durrett,7,141641,1.66
ehem,4,141653,1.66
endemism,8,141664,1.66
erps,4,141675,1.66
extortions,10,141690,1.66
faucher,7,141701,1.66
firmus,6,141716,1.66
foggia,6,141728,1.66
friendzoning,12,141740,1.66
fuso,4,141752,1.66
gasometer,9,141764,1.66
germanica,9,141774,1.66
gleevec,7,141785,1.66
goossens,8,141796,1.66
graphql,7,141806,1.66
gubbio,6,141817,1.66
hamdard,7,141829,1.66
harshad,7,141839,1.66
heeft,5,141851,1.66
hexen,5,141862,1.66
homiletics,10,141875,1.66
huizinga,8,141886,1.66
igual,5,141897,1.66
inspec,6,141913,1.66
jaimes,6,141930,1.66
jhang,5,141941,1.66
jontron,7,141952,1.66
kahala,6,141963,1.66
kedgeree,8,141974,1.66
kinkiest,8,141986,1.66
koopmans,8,141998,1.66
kupwara,7,142008,1.66
laminaria,9,142019,1.66
leete,5,142033,1.66
leoneans,8,142043,1.66
lineament,9,142054,1.66
lops,4,142068,1.66
luzhkov,7,142081,1.66
makhmalbaf,10,142095,1.66
manzini,7,142108,1.66
matalan,7,142119,1.66
mazursky,8,142131,1.66
medicament,10,142142,1.66
meryem,6,142153,1.66
microsomal,10,142166,1.66
mocap,5,142178,1.66
morethan,8,142191,1.66
mukherji,8,142204,1.66
naldo,5,142217,1.66
nazarenes,9,142228,1.66
neste,5,142240,1.66
nobili,6,142253,1.66
norfleet,8,142263,1.66
ocelots,7,142277,1.66
olofsson,8,142291,1.66
ortolan,7,142303,1.66
paragliders,11,142317,1.66
pearled,7,142329,1.66
permuted,8,142339,1.66
pids,4,142353,1.66
podded,6,142368,1.66
prefs,5,142380,1.66
psyc,4,142398,1.66
quinault,8,142411,1.66
ramal,5,142423,1.66
redpoint,8,142436,1.66
repossessing,12,142448,1.66
richo,5,142459,1.66
rockett,7,142470,1.66
ruchi,5,142482,1.66
saliency,8,142493,1.66
sapele,6,142504,1.66
scabbards,9,142515,1.66
serviette,9,142528,1.66
shilly,6,142539,1.66
silvas,6,142550,1.66
skywriting,10,142563,1.66
sociedade,9,142574,1.66
sonneborn,9,142585,1.66
splotchy,8,142596,1.66
steinberger,11,142607,1.66
streamliner,11,142618,1.66
sunseri,7,142630,1.66
tailwinds,9,142649,1.66
telefunken,10,142660,1.66
thalli,6,142671,1.66
tiedemann,9,142684,1.66
tomatillo,9,142696,1.66
transection,11,142708,1.66
turboprops,10,142719,1.66
udl,3,142732,1.66
underdark,9,142743,1.66
utile,5,142757,1.66
veinte,6,142770,1.66
viols,5,142782,1.66
walrond,7,142796,1.66
wez,3,142809,1.66
winick,6,142821,1.66
workbenches,11,142832,1.66
youko,5,142846,1.66
zeh,3,142857,1.66
abjured,7,142890,1.65
addicks,7,142901,1.65
albertini,9,142914,1.65
alw,3,142925,1.65
ango,4,142935,1.65
aptn,4,142947,1.65
assualt,7,142961,1.65
authentics,10,142972,1.65
azamgarh,8,142983,1.65
banquettes,10,142997,1.65
bbj,3,143008,1.65
belva,5,143020,1.65
bhattarai,9,143031,1.65
bitterman,9,143042,1.65
boccia,6,143053,1.65
boxnation,9,143067,1.65
britomart,9,143077,1.65
bumbo,5,143089,1.65
cabron,6,143100,1.65
cappa,5,143112,1.65
cecilio,7,143127,1.65
chmod,5,143140,1.65
clamming,8,143153,1.65
clutton,7,143165,1.65
combustibles,12,143176,1.65
contarini,9,143188,1.65
coyness,7,143199,1.65
daesang,7,143217,1.65
dawei,5,143228,1.65
denken,6,143244,1.65
diddled,7,143257,1.65
disaccharide,12,143267,1.65
dodecyl,7,143282,1.65
dracaena,8,143295,1.65
duero,5,143306,1.65
echigo,6,143318,1.65
encana,6,143331,1.65
ericksen,8,143341,1.65
exculpate,9,143354,1.65
fantasmic,9,143367,1.65
feira,5,143377,1.65
fishkin,7,143389,1.65
frayne,6,143402,1.65
gallowgate,10,143416,1.65
gasset,6,143428,1.65
gillani,7,143444,1.65
grandia,7,143456,1.65
grutter,7,143467,1.65
haberdashers,12,143481,1.65
handholds,9,143492,1.65
hasselt,7,143504,1.65
helloween,9,143516,1.65
higginbottom,12,143526,1.65
holker,6,143539,1.65
housecoat,9,143552,1.65
icra,4,143568,1.65
inam,4,143580,1.65
interlake,9,143591,1.65
isochronous,11,143604,1.65
janki,5,143615,1.65
josquin,7,143627,1.65
justis,6,143638,1.65
kaza,4,143654,1.65
khieu,5,143665,1.65
klystron,8,143675,1.65
krabappel,9,143686,1.65
laco,4,143702,1.65
laveau,6,143715,1.65
leones,6,143728,1.65
lillooet,8,143740,1.65
louganis,8,143751,1.65
lychees,7,143762,1.65
mahanadi,8,143774,1.65
maner,5,143785,1.65
marpol,6,143800,1.65
mehul,5,143812,1.65
meulen,6,143823,1.65
mizo,4,143836,1.65
morad,5,143850,1.65
muntjac,7,143862,1.65
nark,4,143876,1.65
neuromorphic,12,143888,1.65
nippur,6,143900,1.65
nubby,5,143912,1.65
octubre,7,143924,1.65
onlyfans,8,143935,1.65
outbidding,10,143947,1.65
palk,4,143959,1.65
partitive,9,143971,1.65
pelzer,6,143983,1.65
pharo,5,143995,1.65
pistillate,10,144007,1.65
pliability,10,144019,1.65
pontecorvo,10,144031,1.65
poundstone,10,144044,1.65
prova,5,144057,1.65
quadric,7,144071,1.65
rabinovich,10,144084,1.65
rathlin,7,144097,1.65
redactor,8,144110,1.65
rescaled,8,144123,1.65
rmk,3,144137,1.65
rogersville,11,144148,1.65
ruffo,5,144160,1.65
sanchi,6,144172,1.65
scandalize,10,144182,1.65
seeb,4,144198,1.65
shabelle,8,144210,1.65
shewn,5,144220,1.65
silom,5,144232,1.65
smelliest,9,144245,1.65
spiffing,8,144259,1.65
stj,3,144275,1.65
subsectors,10,144287,1.65
sunedison,9,144297,1.65
tabbing,7,144312,1.65
tatties,7,144325,1.65
telomeric,9,144335,1.65
teviot,6,144346,1.65
thirsted,8,144359,1.65
tijuca,6,144370,1.65
tokunaga,8,144383,1.65
trabuco,7,144395,1.65
trommel,7,144412,1.65
tuz,3,144425,1.65
unskippable,11,144439,1.65
vasodilators,12,144451,1.65
versini,7,144462,1.65
viraj,5,144474,1.65
vogon,5,144485,1.65
warc,4,144500,1.65
westwater,9,144513,1.65
wighton,7,144523,1.65
wordnet,7,144537,1.65
xeric,5,144548,1.65
yetta,5,144559,1.65
zoophilia,9,144573,1.65
accion,6,144598,1.64
adulterants,11,144608,1.64
aizawl,6,144619,1.64
amberjack,9,144631,1.64
anel,4,144641,1.64
apheresis,9,144654,1.64
ardian,6,144665,1.64
assmann,7,144677,1.64
azman,5,144691,1.64
baluster,8,144703,1.64
bazza,5,144715,1.64
beha,4,144727,1.64
bhairava,8,144739,1.64
blander,7,144749,1.64
borre,5,144762,1.64
brive,5,144775,1.64
butoh,5,144787,1.64
cando,5,144799,1.64
cattaneo,8,144812,1.64
chahar,6,144825,1.64
chiselling,10,144836,1.64
cision,6,144850,1.64
cobia,5,144862,1.64
conjunto,8,144876,1.64
coquimbo,8,144888,1.64
cristata,8,144902,1.64
dady,4,144916,1.64
dehaene,7,144928,1.64
dennistoun,10,144938,1.64
deveaux,7,144950,1.64
disneys,7,144962,1.64
domergue,8,144973,1.64
droylsden,9,144985,1.64
edmure,6,144995,1.64
ellul,5,145006,1.64
entrapping,10,145017,1.64
esbjerg,7,145028,1.64
extirpate,9,145040,1.64
fayard,6,145052,1.64
fiesty,6,145062,1.64
fmea,4,145074,1.64
frain,5,145087,1.64
fucc,4,145099,1.64
garm,4,145112,1.64
gezira,6,145126,1.64
goldsberry,10,145138,1.64
greedier,8,145151,1.64
gunjan,6,145162,1.64
halflife,8,145175,1.64
hayday,6,145187,1.64
hiccuping,9,145202,1.64
homogenised,11,145212,1.64
hurns,5,145224,1.64
icily,5,145237,1.64
imbert,6,145247,1.64
intercountry,12,145260,1.64
ituc,4,145275,1.64
jindo,5,145285,1.64
kalimpong,9,145299,1.64
katydid,7,145312,1.64
khoza,5,145323,1.64
kls,3,145334,1.64
kotecha,7,145345,1.64
lacz,4,145355,1.64
lastnight,9,145366,1.64
leifer,6,145377,1.64
lifecycles,10,145387,1.64
loden,5,145402,1.64
luminosities,12,145415,1.64
lyta,4,145425,1.64
makuhari,8,145438,1.64
marcone,7,145451,1.64
maund,5,145462,1.64
mechas,6,145475,1.64
meyerowitz,10,145489,1.64
milland,7,145501,1.64
mjs,3,145513,1.64
mojahedin,9,145525,1.64
moogle,6,145535,1.64
mpho,4,145550,1.64
naat,4,145562,1.64
navjot,6,145573,1.64
nigar,5,145588,1.64
noblet,6,145601,1.64
nuestros,8,145613,1.64
odiham,6,145627,1.64
ophiuchus,9,145639,1.64
outclassing,11,145650,1.64
paille,6,145663,1.64
parvum,6,145676,1.64
pelias,6,145689,1.64
pescatore,9,145701,1.64
pinnipeds,9,145714,1.64
pleiotropic,11,145724,1.64
ponens,6,145737,1.64
preachin,8,145750,1.64
prorsum,7,145762,1.64
puranic,7,145777,1.64
quipping,8,145788,1.64
rande,5,145801,1.64
rehouse,7,145815,1.64
resect,6,145826,1.64
rmf,3,145838,1.64
rossington,10,145851,1.64
rustem,6,145864,1.64
samatha,7,145876,1.64
sayville,8,145888,1.64
sekar,5,145900,1.64
shaarawy,8,145912,1.64
shiiit,6,145925,1.64
sinistral,9,145936,1.64
slappin,7,145946,1.64
sohar,5,145957,1.64
sparseness,10,145969,1.64
starlord,8,145983,1.64
stoudt,6,145994,1.64
sumy,4,146004,1.64
symmachus,9,146015,1.64
taisha,6,146027,1.64
taurean,7,146037,1.64
tetlow,6,146048,1.64
todi,4,146065,1.64
transcode,9,146075,1.64
trottier,8,146089,1.64
udk,3,146103,1.64
undisputable,12,146113,1.64
unwelcomed,10,146125,1.64
vancamp,7,146138,1.64
venerates,9,146148,1.64
vll,3,146159,1.64
waianae,7,146171,1.64
warrandyte,10,146181,1.64
weissberg,9,146194,1.64
woodworm,8,146210,1.64
xfx,3,146223,1.64
zeitler,7,146238,1.64
abdulkarim,10,146267,1.63
acqui,5,146277,1.63
affa,4,146289,1.63
allophones,10,146303,1.63
americanists,12,146313,1.63
andino,6,146327,1.63
appal,5,146340,1.63
arpu,4,146352,1.63
assheton,8,146364,1.63
authoress,9,146376,1.63
ayrault,7,146386,1.63
balde,5,146399,1.63
barer,5,146410,1.63
bebbington,10,146422,1.63
berghahn,8,146434,1.63
billson,7,146450,1.63
blastomeres,11,146460,1.63
bonnes,6,146472,1.63
branwen,7,146485,1.63
bulford,7,146498,1.63
cabelas,7,146511,1.63
cardon,6,146523,1.63
chann,5,146537,1.63
churchland,10,146548,1.63
cohabited,9,146559,1.63
condamine,9,146570,1.63
corke,5,146584,1.63
coxcomb,7,146596,1.63
cuttle,6,146611,1.63
darstellung,11,146626,1.63
defour,6,146638,1.63
denoising,9,146650,1.63
dewlap,6,146663,1.63
dinge,5,146677,1.63
dollface,8,146690,1.63
drylands,8,146702,1.63
ecosport,8,146717,1.63
elizabethton,12,146728,1.63
enervated,9,146740,1.63
eremenko,8,146751,1.63
esson,5,146762,1.63
eventer,7,146774,1.63
faires,6,146785,1.63
ferron,6,146798,1.63
finzi,5,146812,1.63
fori,4,146823,1.63
frumkin,7,146835,1.63
galerius,8,146849,1.63
garren,6,146863,1.63
geometer,8,146874,1.63
glom,4,146888,1.63
gowland,7,146899,1.63
greystoke,9,146909,1.63
haemolytic,10,146921,1.63
hasen,5,146934,1.63
hebburn,7,146946,1.63
heteros,7,146957,1.63
hipparcos,9,146967,1.63
horween,7,146979,1.63
hyderabadi,10,146994,1.63
ideality,8,147006,1.63
inebriate,9,147020,1.63
insolently,10,147031,1.63
isca,4,147042,1.63
jenas,5,147056,1.63
kagaku,6,147072,1.63
kaurna,6,147083,1.63
keyserling,10,147095,1.63
kjaer,5,147106,1.63
komachi,7,147116,1.63
kruis,5,147128,1.63
laffont,7,147140,1.63
laureano,8,147150,1.63
leonsis,7,147161,1.63
lide,4,147172,1.63
livejasmin,10,147183,1.63
lubna,5,147198,1.63
mahin,5,147215,1.63
manasa,6,147226,1.63
materialises,12,147237,1.63
medlin,6,147251,1.63
meola,5,147261,1.63
miep,4,147274,1.63
minta,5,147286,1.63
mlrs,4,147296,1.63
monogenic,9,147307,1.63
movi,4,147319,1.63
mutiara,7,147332,1.63
ndidi,5,147347,1.63
nlex,4,147359,1.63
nuda,4,147370,1.63
oddish,6,147384,1.63
omon,4,147397,1.63
osis,4,147407,1.63
paek,4,147422,1.63
paren,5,147435,1.63
pavlovsky,9,147446,1.63
pentane,7,147459,1.63
phf,3,147475,1.63
plio,4,147490,1.63
pori,4,147504,1.63
priester,8,147517,1.63
pvz,3,147528,1.63
raijin,6,147542,1.63
reclaimer,9,147554,1.63
reisinger,9,147565,1.63
rimi,4,147577,1.63
rooyen,6,147589,1.63
rubaiyat,8,147600,1.63
sakyamuni,9,147615,1.63
sapulpa,7,147626,1.63
scatman,7,147638,1.63
shair,5,147655,1.63
shitbags,8,147667,1.63
skaven,6,147678,1.63
soichiro,8,147692,1.63
spendable,9,147703,1.63
stampings,9,147713,1.63
streamlight,11,147726,1.63
succeded,8,147738,1.63
sylv,4,147749,1.63
tappet,6,147763,1.63
telluric,8,147776,1.63
thaat,5,147788,1.63
togliatti,9,147800,1.63
trailways,9,147812,1.63
trich,5,147823,1.63
turko,5,147834,1.63
ultrabooks,10,147847,1.63
unibet,6,147857,1.63
urbach,6,147869,1.63
venir,5,147882,1.63
volquez,7,147894,1.63
welcher,7,147907,1.63
wildey,6,147920,1.63
wnr,3,147931,1.63
xinyu,5,147943,1.63
yohimbine,9,147956,1.63
zorzi,5,147966,1.63
acutally,8,148004,1.62
ains,4,148016,1.62
anad,4,148031,1.62
anthing,7,148042,1.62
arge,4,148053,1.62
asolo,5,148068,1.62
azb,3,148082,1.62
bandicoots,10,148093,1.62
bason,5,148105,1.62
behing,6,148118,1.62
bespin,6,148128,1.62
bingu,5,148141,1.62
bobadilla,9,148155,1.62
boyishly,8,148166,1.62
brautigan,9,148177,1.62
brownville,10,148189,1.62
buring,6,148201,1.62
callipers,9,148214,1.62
caspases,8,148227,1.62
cercla,6,148238,1.62
cheekiness,10,148249,1.62
chrysotile,10,148262,1.62
ciws,4,148274,1.62
cliquey,7,148285,1.62
colella,7,148296,1.62
connubial,9,148309,1.62
craine,6,148325,1.62
croswell,8,148336,1.62
currywurst,10,148348,1.62
danford,7,148362,1.62
demoniac,8,148374,1.62
desjarlais,10,148385,1.62
dhimmis,7,148396,1.62
digressed,9,148408,1.62
displacer,9,148418,1.62
drane,5,148430,1.62
dynamites,9,148441,1.62
eeu,3,148452,1.62
enterprize,10,148464,1.62
espys,5,148475,1.62
evildoer,8,148489,1.62
farson,6,148502,1.62
ferus,5,148513,1.62
floribunda,10,148527,1.62
forgan,6,148540,1.62
fth,3,148552,1.62
gachet,6,148562,1.62
gch,3,148575,1.62
georgics,8,148587,1.62
girouard,8,148597,1.62
goce,4,148609,1.62
gramin,6,148621,1.62
gullane,7,148631,1.62
hailer,6,148644,1.62
handwash,8,148655,1.62
hashana,7,148665,1.62
heckuva,7,148676,1.62
hillgrove,9,148689,1.62
horten,6,148704,1.62
hurra,5,148715,1.62
idolater,8,148728,1.62
imaginaries,11,148738,1.62
interatomic,11,148753,1.62
iure,4,148768,1.62
jau,3,148780,1.62
jotter,6,148792,1.62
kapan,5,148804,1.62
kazoos,6,148815,1.62
kettner,7,148828,1.62
kilimnik,8,148839,1.62
kishinev,8,148849,1.62
koscheck,8,148863,1.62
kureishi,8,148874,1.62
lancastrians,12,148885,1.62
ldm,3,148897,1.62
libman,6,148909,1.62
lithological,12,148919,1.62
lunny,5,148930,1.62
malen,5,148945,1.62
marangoni,9,148955,1.62
masumi,6,148967,1.62
medard,6,148979,1.62
meretz,6,148989,1.62
mgsv,4,149001,1.62
minging,7,149013,1.62
mmmmmmmm,8,149026,1.62
moneymakers,11,149037,1.62
mosiah,6,149047,1.62
muneer,6,149059,1.62
naxi,4,149075,1.62
nesa,4,149085,1.62
nnsa,4,149097,1.62
obligatorily,12,149111,1.62
olley,5,149121,1.62
oughtta,7,149134,1.62
pacifistic,10,149147,1.62
parallelized,12,149158,1.62
paulet,6,149170,1.62
peled,5,149181,1.62
petipa,6,149191,1.62
picardie,8,149204,1.62
playbills,9,149215,1.62
polyamine,9,149226,1.62
prenzlauer,10,149240,1.62
pulque,6,149258,1.62
raabe,5,149270,1.62
rason,5,149282,1.62
reasearch,9,149293,1.62
refeeding,9,149303,1.62
reval,5,149317,1.62
riprap,6,149328,1.62
roncesvalles,12,149338,1.62
ruhi,4,149351,1.62
sacheverell,11,149366,1.62
sarpy,5,149376,1.62
schaap,6,149388,1.62
septiembre,10,149401,1.62
shahbandar,10,149411,1.62
shinhan,7,149422,1.62
signoff,7,149434,1.62
skripal,7,149444,1.62
snetterton,10,149457,1.62
sonographer,11,149469,1.62
spermatic,9,149482,1.62
sterically,10,149496,1.62
stuc,4,149507,1.62
superlattice,12,149519,1.62
swisscom,8,149530,1.62
tamme,5,149544,1.62
teakwood,8,149554,1.62
tenpin,6,149565,1.62
thougt,6,149578,1.62
titu,4,149590,1.62
touchpoints,11,149601,1.62
tricker,7,149614,1.62
tumescent,9,149626,1.62
uate,4,149637,1.62
universiade,11,149653,1.62
urso,4,149664,1.62
vendrell,8,149676,1.62
vidler,6,149688,1.62
vof,3,149700,1.62
wasi,4,149712,1.62
westray,7,149723,1.62
winford,7,149735,1.62
wrex,4,149749,1.62
yishai,6,149762,1.62
zoeller,7,149773,1.62
aboyne,6,149808,1.61
adays,5,149820,1.61
aginst,6,149830,1.61
algieri,7,149842,1.61
alx,3,149854,1.61
amphlett,8,149864,1.61
antagonised,11,149876,1.61
apsidal,7,149889,1.61
arrrr,5,149900,1.61
atcs,4,149913,1.61
ayce,4,149926,1.61
backtalk,8,149937,1.61
bartimaeus,10,149949,1.61
beaucaire,9,149961,1.61
benett,6,149972,1.61
billo,5,149985,1.61
blockhouses,11,149999,1.61
